Pass,Profit,Expected Payoff,Profit Factor,Recovery Factor,Sharpe Ratio,Equity DD %,Trades,InpStMult,InpStAtrPeriod,InpAllowLong,InpAllowShort,InpTP_RR,InpTF,InpNearAtr,InpRequireConfirmBody,InpUseConfluence,InpEma1,InpEma2,InpEma3,InpEma4,InpConflAtr,InpFirstFraction,InpUsePending,InpPendingPips,InpPendingExpiryBars,InpSLLookback,InpSLBufferPips,InpTP1_R,InpTP1Pct,InpBreakeven,InpTrailOnST,InpExitOnFlip,InpRiskPercent,InpMaxTradesPerDay,InpUseTimeWindow,InpStartHour,InpEndHour,InpUseNewsFilter,InpNewsFile,InpNewsMinImpact,InpNewsBeforeMin,InpNewsAfterMin,InpNewsShiftMinutes,InpNewsCurrencies,InpComment,InpMagic,InpMaxSpread,InpVerbose
293,0.00,0.00000,0.00000,0.00000,0.00000,0.0000,0,4.5,8,0,0,3.0,16388,1,1,1,14,89,100,200,1.5,0.3333,1,20,3,5,3,1,50,1,1,1,1,0,0,0,24,0,abtg_news.csv,3,30,30,0,,STREV,770901,0,1
314,333.10,23.79286,7.48307,2.52866,2.93434,1.2588,14,4.5,7,1,0,3.0,16388,1,1,1,14,89,100,200,1.5,0.3333,1,20,3,5,3,1,50,1,1,1,1,0,0,0,24,0,abtg_news.csv,3,30,30,0,,STREV,770901,0,1
192,0.00,0.00000,0.00000,0.00000,0.00000,0.0000,0,2.5,7,0,0,2.5,16388,1,1,1,14,89,100,200,1.5,0.3333,1,20,3,5,3,1,50,1,1,1,1,0,0,0,24,0,abtg_news.csv,3,30,30,0,,STREV,770901,0,1
301,0.00,0.00000,0.00000,0.00000,0.00000,0.0000,0,3.5,11,0,0,3.0,16388,1,1,1,14,89,100,200,1.5,0.3333,1,20,3,5,3,1,50,1,1,1,1,0,0,0,24,0,abtg_news.csv,3,30,30,0,,STREV,770901,0,1
257,-259.53,-19.96385,0.19046,-0.56817,-2.17041,4.5292,13,4.5,12,0,1,2.5,16388,1,1,1,14,89,100,200,1.5,0.3333,1,20,3,5,3,1,50,1,1,1,1,0,0,0,24,0,abtg_news.csv,3,30,30,0,,STREV,770901,0,1
230,-191.14,-10.06000,0.46904,-0.48285,-2.98874,3.8922,19,4.5,11,1,0,2.5,16388,1,1,1,14,89,100,200,1.5,0.3333,1,20,3,5,3,1,50,1,1,1,1,0,0,0,24,0,abtg_news.csv,3,30,30,0,,STREV,770901,0,1
183,-953.67,-9.08257,0.51427,-0.91321,-4.38127,10.4164,105,2.5,12,1,1,2.0,16388,1,1,1,14,89,100,200,1.5,0.3333,1,20,3,5,3,1,50,1,1,1,1,0,0,0,24,0,abtg_news.csv,3,30,30,0,,STREV,770901,0,1
315,361.93,5.02681,1.38362,1.09058,2.07890,3.2303,72,2.5,8,1,0,3.0,16388,1,1,1,14,89,100,200,1.5,0.3333,1,20,3,5,3,1,50,1,1,1,1,0,0,0,24,0,abtg_news.csv,3,30,30,0,,STREV,770901,0,1
59,-53.75,-3.58333,0.80924,-0.26637,-0.79288,1.9889,15,4.5,10,0,1,1.5,16388,1,1,1,14,89,100,200,1.5,0.3333,1,20,3,5,3,1,50,1,1,1,1,0,0,0,24,0,abtg_news.csv,3,30,30,0,,STREV,770901,0,1
368,-352.57,-11.01781,0.46676,-0.59085,-4.09565,5.8250,32,4.5,9,1,1,3.0,16388,1,1,1,14,89,100,200,1.5,0.3333,1,20,3,5,3,1,50,1,1,1,1,0,0,0,24,0,abtg_news.csv,3,30,30,0,,STREV,770901,0,1
169,-534.88,-6.60346,0.62930,-0.67408,-3.75566,7.7350,81,3.5,7,1,1,2.0,16388,1,1,1,14,89,100,200,1.5,0.3333,1,20,3,5,3,1,50,1,1,1,1,0,0,0,24,0,abtg_news.csv,3,30,30,0,,STREV,770901,0,1
226,-163.95,-6.55800,0.64867,-0.37013,-3.04590,4.3454,25,3.5,10,1,0,2.5,16388,1,1,1,14,89,100,200,1.5,0.3333,1,20,3,5,3,1,50,1,1,1,1,0,0,0,24,0,abtg_news.csv,3,30,30,0,,STREV,770901,0,1
162,-525.54,-8.21156,0.50918,-0.89742,-3.97430,5.8273,64,2.5,13,0,1,2.0,16388,1,1,1,14,89,100,200,1.5,0.3333,1,20,3,5,3,1,50,1,1,1,1,0,0,0,24,0,abtg_news.csv,3,30,30,0,,STREV,770901,0,1
107,0.00,0.00000,0.00000,0.00000,0.00000,0.0000,0,4.5,10,0,0,2.0,16388,1,1,1,14,89,100,200,1.5,0.3333,1,20,3,5,3,1,50,1,1,1,1,0,0,0,24,0,abtg_news.csv,3,30,30,0,,STREV,770901,0,1
343,-309.82,-6.45458,0.60800,-0.69516,-3.49979,4.4534,48,3.5,9,0,1,3.0,16388,1,1,1,14,89,100,200,1.5,0.3333,1,20,3,5,3,1,50,1,1,1,1,0,0,0,24,0,abtg_news.csv,3,30,30,0,,STREV,770901,0,1
236,127.11,7.94437,1.65386,0.76540,1.73517,1.6183,16,4.5,13,1,0,2.5,16388,1,1,1,14,89,100,200,1.5,0.3333,1,20,3,5,3,1,50,1,1,1,1,0,0,0,24,0,abtg_news.csv,3,30,30,0,,STREV,770901,0,1
302,0.00,0.00000,0.00000,0.00000,0.00000,0.0000,0,4.5,11,0,0,3.0,16388,1,1,1,14,89,100,200,1.5,0.3333,1,20,3,5,3,1,50,1,1,1,1,0,0,0,24,0,abtg_news.csv,3,30,30,0,,STREV,770901,0,1
241,-435.53,-11.77108,0.42299,-0.96825,-5.00000,4.4917,37,3.5,7,0,1,2.5,16388,1,1,1,14,89,100,200,1.5,0.3333,1,20,3,5,3,1,50,1,1,1,1,0,0,0,24,0,abtg_news.csv,3,30,30,0,,STREV,770901,0,1
16,0.00,0.00000,0.00000,0.00000,0.00000,0.0000,0,3.5,12,0,0,1.5,16388,1,1,1,14,89,100,200,1.5,0.3333,1,20,3,5,3,1,50,1,1,1,1,0,0,0,24,0,abtg_news.csv,3,30,30,0,,STREV,770901,0,1
238,-33.20,-1.14483,0.92999,-0.06570,-0.48878,4.8865,29,3.5,14,1,0,2.5,16388,1,1,1,14,89,100,200,1.5,0.3333,1,20,3,5,3,1,50,1,1,1,1,0,0,0,24,0,abtg_news.csv,3,30,30,0,,STREV,770901,0,1
61,-118.95,-3.49853,0.77718,-0.47836,-3.04941,2.4757,34,3.5,11,0,1,1.5,16388,1,1,1,14,89,100,200,1.5,0.3333,1,20,3,5,3,1,50,1,1,1,1,0,0,0,24,0,abtg_news.csv,3,30,30,0,,STREV,770901,0,1
126,-174.49,-2.90817,0.83559,-0.38467,-1.39675,4.4129,60,2.5,9,1,0,2.0,16388,1,1,1,14,89,100,200,1.5,0.3333,1,20,3,5,3,1,50,1,1,1,1,0,0,0,24,0,abtg_news.csv,3,30,30,0,,STREV,770901,0,1
48,-669.13,-13.12020,0.41844,-0.72907,-5.00000,9.1779,51,2.5,7,0,1,1.5,16388,1,1,1,14,89,100,200,1.5,0.3333,1,20,3,5,3,1,50,1,1,1,1,0,0,0,24,0,abtg_news.csv,3,30,30,0,,STREV,770901,0,1
141,110.55,2.98784,1.26169,0.56386,1.51648,1.9479,37,2.5,14,1,0,2.0,16388,1,1,1,14,89,100,200,1.5,0.3333,1,20,3,5,3,1,50,1,1,1,1,0,0,0,24,0,abtg_news.csv,3,30,30,0,,STREV,770901,0,1
193,0.00,0.00000,0.00000,0.00000,0.00000,0.0000,0,3.5,7,0,0,2.5,16388,1,1,1,14,89,100,200,1.5,0.3333,1,20,3,5,3,1,50,1,1,1,1,0,0,0,24,0,abtg_news.csv,3,30,30,0,,STREV,770901,0,1
182,-100.01,-3.44862,0.78328,-0.22015,-1.37390,4.4018,29,4.5,11,1,1,2.0,16388,1,1,1,14,89,100,200,1.5,0.3333,1,20,3,5,3,1,50,1,1,1,1,0,0,0,24,0,abtg_news.csv,3,30,30,0,,STREV,770901,0,1
253,-131.07,-3.85500,0.75865,-0.57146,-2.52468,2.2728,34,3.5,11,0,1,2.5,16388,1,1,1,14,89,100,200,1.5,0.3333,1,20,3,5,3,1,50,1,1,1,1,0,0,0,24,0,abtg_news.csv,3,30,30,0,,STREV,770901,0,1
219,246.10,3.41806,1.26151,0.73744,1.50240,3.2588,72,2.5,8,1,0,2.5,16388,1,1,1,14,89,100,200,1.5,0.3333,1,20,3,5,3,1,50,1,1,1,1,0,0,0,24,0,abtg_news.csv,3,30,30,0,,STREV,770901,0,1
213,0.00,0.00000,0.00000,0.00000,0.00000,0.0000,0,2.5,14,0,0,2.5,16388,1,1,1,14,89,100,200,1.5,0.3333,1,20,3,5,3,1,50,1,1,1,1,0,0,0,24,0,abtg_news.csv,3,30,30,0,,STREV,770901,0,1
262,131.23,5.96500,1.54169,0.48788,2.89575,2.6806,22,3.5,14,0,1,2.5,16388,1,1,1,14,89,100,200,1.5,0.3333,1,20,3,5,3,1,50,1,1,1,1,0,0,0,24,0,abtg_news.csv,3,30,30,0,,STREV,770901,0,1
57,-769.19,-11.48045,0.40248,-0.81488,-5.00000,9.3831,67,2.5,10,0,1,1.5,16388,1,1,1,14,89,100,200,1.5,0.3333,1,20,3,5,3,1,50,1,1,1,1,0,0,0,24,0,abtg_news.csv,3,30,30,0,,STREV,770901,0,1
184,193.57,3.12210,1.30844,0.77301,1.89408,2.4674,62,3.5,12,1,1,2.0,16388,1,1,1,14,89,100,200,1.5,0.3333,1,20,3,5,3,1,50,1,1,1,1,0,0,0,24,0,abtg_news.csv,3,30,30,0,,STREV,770901,0,1
36,-182.19,-4.04867,0.71425,-0.44721,-2.55130,4.0238,45,2.5,11,1,0,1.5,16388,1,1,1,14,89,100,200,1.5,0.3333,1,20,3,5,3,1,50,1,1,1,1,0,0,0,24,0,abtg_news.csv,3,30,30,0,,STREV,770901,0,1
217,-130.71,-2.97068,0.81792,-0.29650,-1.45545,4.2758,44,3.5,7,1,0,2.5,16388,1,1,1,14,89,100,200,1.5,0.3333,1,20,3,5,3,1,50,1,1,1,1,0,0,0,24,0,abtg_news.csv,3,30,30,0,,STREV,770901,0,1
298,0.00,0.00000,0.00000,0.00000,0.00000,0.0000,0,3.5,10,0,0,3.0,16388,1,1,1,14,89,100,200,1.5,0.3333,1,20,3,5,3,1,50,1,1,1,1,0,0,0,24,0,abtg_news.csv,3,30,30,0,,STREV,770901,0,1
295,0.00,0.00000,0.00000,0.00000,0.00000,0.0000,0,3.5,9,0,0,3.0,16388,1,1,1,14,89,100,200,1.5,0.3333,1,20,3,5,3,1,50,1,1,1,1,0,0,0,24,0,abtg_news.csv,3,30,30,0,,STREV,770901,0,1
299,0.00,0.00000,0.00000,0.00000,0.00000,0.0000,0,4.5,10,0,0,3.0,16388,1,1,1,14,89,100,200,1.5,0.3333,1,20,3,5,3,1,50,1,1,1,1,0,0,0,24,0,abtg_news.csv,3,30,30,0,,STREV,770901,0,1
347,40.82,2.55125,1.14200,0.21940,0.55191,1.8196,16,4.5,10,0,1,3.0,16388,1,1,1,14,89,100,200,1.5,0.3333,1,20,3,5,3,1,50,1,1,1,1,0,0,0,24,0,abtg_news.csv,3,30,30,0,,STREV,770901,0,1
325,-175.21,-4.86694,0.68737,-0.32290,-1.74152,5.3377,36,3.5,11,1,0,3.0,16388,1,1,1,14,89,100,200,1.5,0.3333,1,20,3,5,3,1,50,1,1,1,1,0,0,0,24,0,abtg_news.csv,3,30,30,0,,STREV,770901,0,1
26,304.01,21.71500,6.91689,2.65650,5.74317,1.1313,14,4.5,7,1,0,1.5,16388,1,1,1,14,89,100,200,1.5,0.3333,1,20,3,5,3,1,50,1,1,1,1,0,0,0,24,0,abtg_news.csv,3,30,30,0,,STREV,770901,0,1
6,0.00,0.00000,0.00000,0.00000,0.00000,0.0000,0,2.5,9,0,0,1.5,16388,1,1,1,14,89,100,200,1.5,0.3333,1,20,3,5,3,1,50,1,1,1,1,0,0,0,24,0,abtg_news.csv,3,30,30,0,,STREV,770901,0,1
215,0.00,0.00000,0.00000,0.00000,0.00000,0.0000,0,4.5,14,0,0,2.5,16388,1,1,1,14,89,100,200,1.5,0.3333,1,20,3,5,3,1,50,1,1,1,1,0,0,0,24,0,abtg_news.csv,3,30,30,0,,STREV,770901,0,1
97,0.00,0.00000,0.00000,0.00000,0.00000,0.0000,0,3.5,7,0,0,2.0,16388,1,1,1,14,89,100,200,1.5,0.3333,1,20,3,5,3,1,50,1,1,1,1,0,0,0,24,0,abtg_news.csv,3,30,30,0,,STREV,770901,0,1
94,-23.06,-0.46120,0.96765,-0.05796,-0.26629,3.9099,50,3.5,14,1,1,1.5,16388,1,1,1,14,89,100,200,1.5,0.3333,1,20,3,5,3,1,50,1,1,1,1,0,0,0,24,0,abtg_news.csv,3,30,30,0,,STREV,770901,0,1
115,0.00,0.00000,0.00000,0.00000,0.00000,0.0000,0,3.5,13,0,0,2.0,16388,1,1,1,14,89,100,200,1.5,0.3333,1,20,3,5,3,1,50,1,1,1,1,0,0,0,24,0,abtg_news.csv,3,30,30,0,,STREV,770901,0,1
34,-221.61,-8.86440,0.52494,-0.52688,-4.84473,4.1468,25,3.5,10,1,0,1.5,16388,1,1,1,14,89,100,200,1.5,0.3333,1,20,3,5,3,1,50,1,1,1,1,0,0,0,24,0,abtg_news.csv,3,30,30,0,,STREV,770901,0,1
47,84.08,3.65565,1.34813,0.51488,1.66030,1.5978,23,4.5,14,1,0,1.5,16388,1,1,1,14,89,100,200,1.5,0.3333,1,20,3,5,3,1,50,1,1,1,1,0,0,0,24,0,abtg_news.csv,3,30,30,0,,STREV,770901,0,1
80,-381.84,-11.93250,0.41838,-0.66081,-5.00000,5.6673,32,4.5,9,1,1,1.5,16388,1,1,1,14,89,100,200,1.5,0.3333,1,20,3,5,3,1,50,1,1,1,1,0,0,0,24,0,abtg_news.csv,3,30,30,0,,STREV,770901,0,1
89,-390.66,-9.52829,0.50772,-0.61900,-3.65481,6.1629,41,4.5,12,1,1,1.5,16388,1,1,1,14,89,100,200,1.5,0.3333,1,20,3,5,3,1,50,1,1,1,1,0,0,0,24,0,abtg_news.csv,3,30,30,0,,STREV,770901,0,1
90,-474.55,-4.47689,0.69824,-0.86185,-2.14304,5.4716,106,2.5,13,1,1,1.5,16388,1,1,1,14,89,100,200,1.5,0.3333,1,20,3,5,3,1,50,1,1,1,1,0,0,0,24,0,abtg_news.csv,3,30,30,0,,STREV,770901,0,1
137,-68.76,-2.45571,0.85781,-0.16236,-1.01355,4.0900,28,4.5,12,1,0,2.0,16388,1,1,1,14,89,100,200,1.5,0.3333,1,20,3,5,3,1,50,1,1,1,1,0,0,0,24,0,abtg_news.csv,3,30,30,0,,STREV,770901,0,1
56,-448.50,-32.03571,0.07151,-0.84797,-5.00000,5.2469,14,4.5,9,0,1,1.5,16388,1,1,1,14,89,100,200,1.5,0.3333,1,20,3,5,3,1,50,1,1,1,1,0,0,0,24,0,abtg_news.csv,3,30,30,0,,STREV,770901,0,1
73,-553.97,-6.83914,0.61267,-0.72488,-4.28898,7.4848,81,3.5,7,1,1,1.5,16388,1,1,1,14,89,100,200,1.5,0.3333,1,20,3,5,3,1,50,1,1,1,1,0,0,0,24,0,abtg_news.csv,3,30,30,0,,STREV,770901,0,1
88,236.83,3.94717,1.37693,0.94577,2.38221,2.4740,60,3.5,12,1,1,1.5,16388,1,1,1,14,89,100,200,1.5,0.3333,1,20,3,5,3,1,50,1,1,1,1,0,0,0,24,0,abtg_news.csv,3,30,30,0,,STREV,770901,0,1
10,0.00,0.00000,0.00000,0.00000,0.00000,0.0000,0,3.5,10,0,0,1.5,16388,1,1,1,14,89,100,200,1.5,0.3333,1,20,3,5,3,1,50,1,1,1,1,0,0,0,24,0,abtg_news.csv,3,30,30,0,,STREV,770901,0,1
145,-391.86,-10.59081,0.47723,-0.96484,-5.00000,4.0556,37,3.5,7,0,1,2.0,16388,1,1,1,14,89,100,200,1.5,0.3333,1,20,3,5,3,1,50,1,1,1,1,0,0,0,24,0,abtg_news.csv,3,30,30,0,,STREV,770901,0,1
229,-36.92,-1.02556,0.93413,-0.09413,-0.38314,3.8589,36,3.5,11,1,0,2.5,16388,1,1,1,14,89,100,200,1.5,0.3333,1,20,3,5,3,1,50,1,1,1,1,0,0,0,24,0,abtg_news.csv,3,30,30,0,,STREV,770901,0,1
0,0.00,0.00000,0.00000,0.00000,0.00000,0.0000,0,2.5,7,0,0,1.5,16388,1,1,1,14,89,100,200,1.5,0.3333,1,20,3,5,3,1,50,1,1,1,1,0,0,0,24,0,abtg_news.csv,3,30,30,0,,STREV,770901,0,1
240,-663.13,-12.75250,0.43372,-0.77208,-4.59324,8.5889,52,2.5,7,0,1,2.5,16388,1,1,1,14,89,100,200,1.5,0.3333,1,20,3,5,3,1,50,1,1,1,1,0,0,0,24,0,abtg_news.csv,3,30,30,0,,STREV,770901,0,1
52,438.11,9.32149,1.88284,2.21491,5.94219,1.9745,47,3.5,8,0,1,1.5,16388,1,1,1,14,89,100,200,1.5,0.3333,1,20,3,5,3,1,50,1,1,1,1,0,0,0,24,0,abtg_news.csv,3,30,30,0,,STREV,770901,0,1
374,-10.64,-0.36690,0.97695,-0.02362,-0.12714,4.3291,29,4.5,11,1,1,3.0,16388,1,1,1,14,89,100,200,1.5,0.3333,1,20,3,5,3,1,50,1,1,1,1,0,0,0,24,0,abtg_news.csv,3,30,30,0,,STREV,770901,0,1
364,362.05,5.74683,1.49407,1.09216,2.86485,3.3115,63,3.5,8,1,1,3.0,16388,1,1,1,14,89,100,200,1.5,0.3333,1,20,3,5,3,1,50,1,1,1,1,0,0,0,24,0,abtg_news.csv,3,30,30,0,,STREV,770901,0,1
157,-115.65,-3.40147,0.78376,-0.50423,-2.57495,2.2804,34,3.5,11,0,1,2.0,16388,1,1,1,14,89,100,200,1.5,0.3333,1,20,3,5,3,1,50,1,1,1,1,0,0,0,24,0,abtg_news.csv,3,30,30,0,,STREV,770901,0,1
51,-436.91,-8.91653,0.49711,-0.63919,-4.64945,6.8136,49,2.5,8,0,1,1.5,16388,1,1,1,14,89,100,200,1.5,0.3333,1,20,3,5,3,1,50,1,1,1,1,0,0,0,24,0,abtg_news.csv,3,30,30,0,,STREV,770901,0,1
285,-1059.62,-10.81245,0.45312,-0.92227,-5.00000,11.4465,98,2.5,14,1,1,2.5,16388,1,1,1,14,89,100,200,1.5,0.3333,1,20,3,5,3,1,50,1,1,1,1,0,0,0,24,0,abtg_news.csv,3,30,30,0,,STREV,770901,0,1
344,-448.50,-32.03571,0.07151,-0.84797,-5.00000,5.2469,14,4.5,9,0,1,3.0,16388,1,1,1,14,89,100,200,1.5,0.3333,1,20,3,5,3,1,50,1,1,1,1,0,0,0,24,0,abtg_news.csv,3,30,30,0,,STREV,770901,0,1
105,0.00,0.00000,0.00000,0.00000,0.00000,0.0000,0,2.5,10,0,0,2.0,16388,1,1,1,14,89,100,200,1.5,0.3333,1,20,3,5,3,1,50,1,1,1,1,0,0,0,24,0,abtg_news.csv,3,30,30,0,,STREV,770901,0,1
30,-230.26,-3.83767,0.78083,-0.50075,-2.22180,4.4951,60,2.5,9,1,0,1.5,16388,1,1,1,14,89,100,200,1.5,0.3333,1,20,3,5,3,1,50,1,1,1,1,0,0,0,24,0,abtg_news.csv,3,30,30,0,,STREV,770901,0,1
13,0.00,0.00000,0.00000,0.00000,0.00000,0.0000,0,3.5,11,0,0,1.5,16388,1,1,1,14,89,100,200,1.5,0.3333,1,20,3,5,3,1,50,1,1,1,1,0,0,0,24,0,abtg_news.csv,3,30,30,0,,STREV,770901,0,1
54,-995.10,-15.07727,0.31488,-0.95404,-5.00000,10.3806,66,2.5,9,0,1,1.5,16388,1,1,1,14,89,100,200,1.5,0.3333,1,20,3,5,3,1,50,1,1,1,1,0,0,0,24,0,abtg_news.csv,3,30,30,0,,STREV,770901,0,1
2,0.00,0.00000,0.00000,0.00000,0.00000,0.0000,0,4.5,7,0,0,1.5,16388,1,1,1,14,89,100,200,1.5,0.3333,1,20,3,5,3,1,50,1,1,1,1,0,0,0,24,0,abtg_news.csv,3,30,30,0,,STREV,770901,0,1
258,-520.28,-9.12772,0.48715,-0.91335,-4.68966,5.6684,57,2.5,13,0,1,2.5,16388,1,1,1,14,89,100,200,1.5,0.3333,1,20,3,5,3,1,50,1,1,1,1,0,0,0,24,0,abtg_news.csv,3,30,30,0,,STREV,770901,0,1
323,-2.60,-0.10833,0.99314,-0.00662,-0.02852,3.7790,24,4.5,10,1,0,3.0,16388,1,1,1,14,89,100,200,1.5,0.3333,1,20,3,5,3,1,50,1,1,1,1,0,0,0,24,0,abtg_news.csv,3,30,30,0,,STREV,770901,0,1
280,302.49,4.87887,1.47836,1.20798,2.65866,2.4615,62,3.5,12,1,1,2.5,16388,1,1,1,14,89,100,200,1.5,0.3333,1,20,3,5,3,1,50,1,1,1,1,0,0,0,24,0,abtg_news.csv,3,30,30,0,,STREV,770901,0,1
43,-22.10,-0.71290,0.95245,-0.04448,-0.34734,4.8505,31,3.5,13,1,0,1.5,16388,1,1,1,14,89,100,200,1.5,0.3333,1,20,3,5,3,1,50,1,1,1,1,0,0,0,24,0,abtg_news.csv,3,30,30,0,,STREV,770901,0,1
345,-686.43,-11.07145,0.42385,-0.83974,-4.98243,8.1256,62,2.5,10,0,1,3.0,16388,1,1,1,14,89,100,200,1.5,0.3333,1,20,3,5,3,1,50,1,1,1,1,0,0,0,24,0,abtg_news.csv,3,30,30,0,,STREV,770901,0,1
159,-1012.32,-18.40582,0.23228,-0.92638,-5.00000,10.8748,55,2.5,12,0,1,2.0,16388,1,1,1,14,89,100,200,1.5,0.3333,1,20,3,5,3,1,50,1,1,1,1,0,0,0,24,0,abtg_news.csv,3,30,30,0,,STREV,770901,0,1
350,162.96,16.29600,2.77400,0.87149,0.48821,1.8269,10,4.5,11,0,1,3.0,16388,1,1,1,14,89,100,200,1.5,0.3333,1,20,3,5,3,1,50,1,1,1,1,0,0,0,24,0,abtg_news.csv,3,30,30,0,,STREV,770901,0,1
247,-263.51,-5.48979,0.66489,-0.59125,-3.04253,4.4534,48,3.5,9,0,1,2.5,16388,1,1,1,14,89,100,200,1.5,0.3333,1,20,3,5,3,1,50,1,1,1,1,0,0,0,24,0,abtg_news.csv,3,30,30,0,,STREV,770901,0,1
320,122.70,6.81667,1.76126,0.67444,1.56709,1.7661,18,4.5,9,1,0,3.0,16388,1,1,1,14,89,100,200,1.5,0.3333,1,20,3,5,3,1,50,1,1,1,1,0,0,0,24,0,abtg_news.csv,3,30,30,0,,STREV,770901,0,1
46,-135.67,-4.67828,0.70616,-0.27576,-2.38951,4.8040,29,3.5,14,1,0,1.5,16388,1,1,1,14,89,100,200,1.5,0.3333,1,20,3,5,3,1,50,1,1,1,1,0,0,0,24,0,abtg_news.csv,3,30,30,0,,STREV,770901,0,1
155,-19.80,-1.23750,0.92973,-0.09827,-0.31163,1.9793,16,4.5,10,0,1,2.0,16388,1,1,1,14,89,100,200,1.5,0.3333,1,20,3,5,3,1,50,1,1,1,1,0,0,0,24,0,abtg_news.csv,3,30,30,0,,STREV,770901,0,1
281,-269.59,-6.57537,0.66452,-0.45565,-2.31688,5.7320,41,4.5,12,1,1,2.5,16388,1,1,1,14,89,100,200,1.5,0.3333,1,20,3,5,3,1,50,1,1,1,1,0,0,0,24,0,abtg_news.csv,3,30,30,0,,STREV,770901,0,1
75,-174.21,-1.45175,0.90211,-0.36925,-0.78821,4.7150,120,2.5,8,1,1,1.5,16388,1,1,1,14,89,100,200,1.5,0.3333,1,20,3,5,3,1,50,1,1,1,1,0,0,0,24,0,abtg_news.csv,3,30,30,0,,STREV,770901,0,1
42,43.90,1.02093,1.08531,0.10127,0.44144,4.2261,43,2.5,13,1,0,1.5,16388,1,1,1,14,89,100,200,1.5,0.3333,1,20,3,5,3,1,50,1,1,1,1,0,0,0,24,0,abtg_news.csv,3,30,30,0,,STREV,770901,0,1
232,95.24,3.40143,1.29079,0.32866,1.44955,2.8947,28,3.5,12,1,0,2.5,16388,1,1,1,14,89,100,200,1.5,0.3333,1,20,3,5,3,1,50,1,1,1,1,0,0,0,24,0,abtg_news.csv,3,30,30,0,,STREV,770901,0,1
178,-330.71,-6.48451,0.59036,-0.60608,-4.29733,5.3661,51,3.5,10,1,1,2.0,16388,1,1,1,14,89,100,200,1.5,0.3333,1,20,3,5,3,1,50,1,1,1,1,0,0,0,24,0,abtg_news.csv,3,30,30,0,,STREV,770901,0,1
53,-380.91,-29.30077,0.04361,-0.97395,-5.00000,3.9110,13,4.5,8,0,1,1.5,16388,1,1,1,14,89,100,200,1.5,0.3333,1,20,3,5,3,1,50,1,1,1,1,0,0,0,24,0,abtg_news.csv,3,30,30,0,,STREV,770901,0,1
121,-170.31,-3.87068,0.76219,-0.39322,-2.28577,4.2220,44,3.5,7,1,0,2.0,16388,1,1,1,14,89,100,200,1.5,0.3333,1,20,3,5,3,1,50,1,1,1,1,0,0,0,24,0,abtg_news.csv,3,30,30,0,,STREV,770901,0,1
249,-817.71,-12.77672,0.36537,-0.86284,-5.00000,9.4206,64,2.5,10,0,1,2.5,16388,1,1,1,14,89,100,200,1.5,0.3333,1,20,3,5,3,1,50,1,1,1,1,0,0,0,24,0,abtg_news.csv,3,30,30,0,,STREV,770901,0,1
191,-430.35,-9.15638,0.52116,-0.70375,-4.48487,6.0063,47,4.5,14,1,1,2.0,16388,1,1,1,14,89,100,200,1.5,0.3333,1,20,3,5,3,1,50,1,1,1,1,0,0,0,24,0,abtg_news.csv,3,30,30,0,,STREV,770901,0,1
351,-1047.73,-19.04964,0.21353,-0.95566,-5.00000,10.9104,55,2.5,12,0,1,3.0,16388,1,1,1,14,89,100,200,1.5,0.3333,1,20,3,5,3,1,50,1,1,1,1,0,0,0,24,0,abtg_news.csv,3,30,30,0,,STREV,770901,0,1
35,-17.39,-0.72458,0.95409,-0.05050,-0.27573,3.3346,24,4.5,10,1,0,1.5,16388,1,1,1,14,89,100,200,1.5,0.3333,1,20,3,5,3,1,50,1,1,1,1,0,0,0,24,0,abtg_news.csv,3,30,30,0,,STREV,770901,0,1
311,0.00,0.00000,0.00000,0.00000,0.00000,0.0000,0,4.5,14,0,0,3.0,16388,1,1,1,14,89,100,200,1.5,0.3333,1,20,3,5,3,1,50,1,1,1,1,0,0,0,24,0,abtg_news.csv,3,30,30,0,,STREV,770901,0,1
21,0.00,0.00000,0.00000,0.00000,0.00000,0.0000,0,2.5,14,0,0,1.5,16388,1,1,1,14,89,100,200,1.5,0.3333,1,20,3,5,3,1,50,1,1,1,1,0,0,0,24,0,abtg_news.csv,3,30,30,0,,STREV,770901,0,1
20,0.00,0.00000,0.00000,0.00000,0.00000,0.0000,0,4.5,13,0,0,1.5,16388,1,1,1,14,89,100,200,1.5,0.3333,1,20,3,5,3,1,50,1,1,1,1,0,0,0,24,0,abtg_news.csv,3,30,30,0,,STREV,770901,0,1
313,-225.24,-5.11909,0.67929,-0.46913,-2.13784,4.6819,44,3.5,7,1,0,3.0,16388,1,1,1,14,89,100,200,1.5,0.3333,1,20,3,5,3,1,50,1,1,1,1,0,0,0,24,0,abtg_news.csv,3,30,30,0,,STREV,770901,0,1
353,-259.53,-19.96385,0.19046,-0.56817,-2.17041,4.5292,13,4.5,12,0,1,3.0,16388,1,1,1,14,89,100,200,1.5,0.3333,1,20,3,5,3,1,50,1,1,1,1,0,0,0,24,0,abtg_news.csv,3,30,30,0,,STREV,770901,0,1
342,-1042.42,-15.79424,0.28596,-0.95603,-5.00000,10.8516,66,2.5,9,0,1,3.0,16388,1,1,1,14,89,100,200,1.5,0.3333,1,20,3,5,3,1,50,1,1,1,1,0,0,0,24,0,abtg_news.csv,3,30,30,0,,STREV,770901,0,1
110,0.00,0.00000,0.00000,0.00000,0.00000,0.0000,0,4.5,11,0,0,2.0,16388,1,1,1,14,89,100,200,1.5,0.3333,1,20,3,5,3,1,50,1,1,1,1,0,0,0,24,0,abtg_news.csv,3,30,30,0,,STREV,770901,0,1
161,-259.53,-19.96385,0.19046,-0.56817,-2.17041,4.5292,13,4.5,12,0,1,2.0,16388,1,1,1,14,89,100,200,1.5,0.3333,1,20,3,5,3,1,50,1,1,1,1,0,0,0,24,0,abtg_news.csv,3,30,30,0,,STREV,770901,0,1
58,-89.27,-3.43346,0.74240,-0.36051,-3.06553,2.4510,26,3.5,10,0,1,1.5,16388,1,1,1,14,89,100,200,1.5,0.3333,1,20,3,5,3,1,50,1,1,1,1,0,0,0,24,0,abtg_news.csv,3,30,30,0,,STREV,770901,0,1
359,-552.31,-23.01292,0.12826,-0.91816,-5.00000,5.9859,24,4.5,14,0,1,3.0,16388,1,1,1,14,89,100,200,1.5,0.3333,1,20,3,5,3,1,50,1,1,1,1,0,0,0,24,0,abtg_news.csv,3,30,30,0,,STREV,770901,0,1
205,0.00,0.00000,0.00000,0.00000,0.00000,0.0000,0,3.5,11,0,0,2.5,16388,1,1,1,14,89,100,200,1.5,0.3333,1,20,3,5,3,1,50,1,1,1,1,0,0,0,24,0,abtg_news.csv,3,30,30,0,,STREV,770901,0,1
17,0.00,0.00000,0.00000,0.00000,0.00000,0.0000,0,4.5,12,0,0,1.5,16388,1,1,1,14,89,100,200,1.5,0.3333,1,20,3,5,3,1,50,1,1,1,1,0,0,0,24,0,abtg_news.csv,3,30,30,0,,STREV,770901,0,1
304,0.00,0.00000,0.00000,0.00000,0.00000,0.0000,0,3.5,12,0,0,3.0,16388,1,1,1,14,89,100,200,1.5,0.3333,1,20,3,5,3,1,50,1,1,1,1,0,0,0,24,0,abtg_news.csv,3,30,30,0,,STREV,770901,0,1
196,0.00,0.00000,0.00000,0.00000,0.00000,0.0000,0,3.5,8,0,0,2.5,16388,1,1,1,14,89,100,200,1.5,0.3333,1,20,3,5,3,1,50,1,1,1,1,0,0,0,24,0,abtg_news.csv,3,30,30,0,,STREV,770901,0,1
67,92.15,4.85000,1.48429,0.76607,2.63588,1.1929,19,3.5,13,0,1,1.5,16388,1,1,1,14,89,100,200,1.5,0.3333,1,20,3,5,3,1,50,1,1,1,1,0,0,0,24,0,abtg_news.csv,3,30,30,0,,STREV,770901,0,1
84,-1087.16,-10.25623,0.41859,-0.92790,-5.00000,11.6400,106,2.5,11,1,1,1.5,16388,1,1,1,14,89,100,200,1.5,0.3333,1,20,3,5,3,1,50,1,1,1,1,0,0,0,24,0,abtg_news.csv,3,30,30,0,,STREV,770901,0,1
265,-527.96,-6.51802,0.63542,-0.62996,-3.30688,8.1288,81,3.5,7,1,1,2.5,16388,1,1,1,14,89,100,200,1.5,0.3333,1,20,3,5,3,1,50,1,1,1,1,0,0,0,24,0,abtg_news.csv,3,30,30,0,,STREV,770901,0,1
44,39.90,2.49375,1.20527,0.24601,0.62979,1.5940,16,4.5,13,1,0,1.5,16388,1,1,1,14,89,100,200,1.5,0.3333,1,20,3,5,3,1,50,1,1,1,1,0,0,0,24,0,abtg_news.csv,3,30,30,0,,STREV,770901,0,1
96,0.00,0.00000,0.00000,0.00000,0.00000,0.0000,0,2.5,7,0,0,2.0,16388,1,1,1,14,89,100,200,1.5,0.3333,1,20,3,5,3,1,50,1,1,1,1,0,0,0,24,0,abtg_news.csv,3,30,30,0,,STREV,770901,0,1
154,-138.86,-5.34077,0.59703,-0.56078,-4.42535,2.4510,26,3.5,10,0,1,2.0,16388,1,1,1,14,89,100,200,1.5,0.3333,1,20,3,5,3,1,50,1,1,1,1,0,0,0,24,0,abtg_news.csv,3,30,30,0,,STREV,770901,0,1
225,188.56,3.77120,1.33453,0.62452,1.82335,2.9434,50,2.5,10,1,0,2.5,16388,1,1,1,14,89,100,200,1.5,0.3333,1,20,3,5,3,1,50,1,1,1,1,0,0,0,24,0,abtg_news.csv,3,30,30,0,,STREV,770901,0,1
288,0.00,0.00000,0.00000,0.00000,0.00000,0.0000,0,2.5,7,0,0,3.0,16388,1,1,1,14,89,100,200,1.5,0.3333,1,20,3,5,3,1,50,1,1,1,1,0,0,0,24,0,abtg_news.csv,3,30,30,0,,STREV,770901,0,1
273,-642.36,-5.63474,0.64880,-0.74794,-2.65539,8.4653,114,2.5,10,1,1,2.5,16388,1,1,1,14,89,100,200,1.5,0.3333,1,20,3,5,3,1,50,1,1,1,1,0,0,0,24,0,abtg_news.csv,3,30,30,0,,STREV,770901,0,1
15,0.00,0.00000,0.00000,0.00000,0.00000,0.0000,0,2.5,12,0,0,1.5,16388,1,1,1,14,89,100,200,1.5,0.3333,1,20,3,5,3,1,50,1,1,1,1,0,0,0,24,0,abtg_news.csv,3,30,30,0,,STREV,770901,0,1
72,-112.49,-0.89992,0.93788,-0.14034,-0.41149,8.0156,125,2.5,7,1,1,1.5,16388,1,1,1,14,89,100,200,1.5,0.3333,1,20,3,5,3,1,50,1,1,1,1,0,0,0,24,0,abtg_news.csv,3,30,30,0,,STREV,770901,0,1
367,-517.95,-6.39444,0.61096,-0.72519,-3.33776,7.0464,81,3.5,9,1,1,3.0,16388,1,1,1,14,89,100,200,1.5,0.3333,1,20,3,5,3,1,50,1,1,1,1,0,0,0,24,0,abtg_news.csv,3,30,30,0,,STREV,770901,0,1
210,0.00,0.00000,0.00000,0.00000,0.00000,0.0000,0,2.5,13,0,0,2.5,16388,1,1,1,14,89,100,200,1.5,0.3333,1,20,3,5,3,1,50,1,1,1,1,0,0,0,24,0,abtg_news.csv,3,30,30,0,,STREV,770901,0,1
282,-446.11,-4.46110,0.70567,-0.70786,-1.94743,6.2925,100,2.5,13,1,1,2.5,16388,1,1,1,14,89,100,200,1.5,0.3333,1,20,3,5,3,1,50,1,1,1,1,0,0,0,24,0,abtg_news.csv,3,30,30,0,,STREV,770901,0,1
336,-608.79,-11.48660,0.48013,-0.72670,-4.02070,8.3775,53,2.5,7,0,1,3.0,16388,1,1,1,14,89,100,200,1.5,0.3333,1,20,3,5,3,1,50,1,1,1,1,0,0,0,24,0,abtg_news.csv,3,30,30,0,,STREV,770901,0,1
3,0.00,0.00000,0.00000,0.00000,0.00000,0.0000,0,2.5,8,0,0,1.5,16388,1,1,1,14,89,100,200,1.5,0.3333,1,20,3,5,3,1,50,1,1,1,1,0,0,0,24,0,abtg_news.csv,3,30,30,0,,STREV,770901,0,1
261,-1220.51,-20.00836,0.20635,-0.96274,-5.00000,12.6179,61,2.5,14,0,1,2.5,16388,1,1,1,14,89,100,200,1.5,0.3333,1,20,3,5,3,1,50,1,1,1,1,0,0,0,24,0,abtg_news.csv,3,30,30,0,,STREV,770901,0,1
69,-1279.23,-20.30524,0.19112,-0.95787,-5.00000,13.2922,63,2.5,14,0,1,1.5,16388,1,1,1,14,89,100,200,1.5,0.3333,1,20,3,5,3,1,50,1,1,1,1,0,0,0,24,0,abtg_news.csv,3,30,30,0,,STREV,770901,0,1
181,-211.31,-3.01871,0.80699,-0.41049,-1.55123,5.0714,70,3.5,11,1,1,2.0,16388,1,1,1,14,89,100,200,1.5,0.3333,1,20,3,5,3,1,50,1,1,1,1,0,0,0,24,0,abtg_news.csv,3,30,30,0,,STREV,770901,0,1
216,612.84,8.28162,1.87684,1.46686,3.47324,4.0885,74,2.5,7,1,0,2.5,16388,1,1,1,14,89,100,200,1.5,0.3333,1,20,3,5,3,1,50,1,1,1,1,0,0,0,24,0,abtg_news.csv,3,30,30,0,,STREV,770901,0,1
130,-203.89,-8.15560,0.56308,-0.46030,-4.09752,4.3561,25,3.5,10,1,0,2.0,16388,1,1,1,14,89,100,200,1.5,0.3333,1,20,3,5,3,1,50,1,1,1,1,0,0,0,24,0,abtg_news.csv,3,30,30,0,,STREV,770901,0,1
129,110.15,2.20300,1.19790,0.36482,1.19700,2.9536,50,2.5,10,1,0,2.0,16388,1,1,1,14,89,100,200,1.5,0.3333,1,20,3,5,3,1,50,1,1,1,1,0,0,0,24,0,abtg_news.csv,3,30,30,0,,STREV,770901,0,1
357,-1194.44,-19.58098,0.22330,-0.96195,-5.00000,12.3584,61,2.5,14,0,1,3.0,16388,1,1,1,14,89,100,200,1.5,0.3333,1,20,3,5,3,1,50,1,1,1,1,0,0,0,24,0,abtg_news.csv,3,30,30,0,,STREV,770901,0,1
300,0.00,0.00000,0.00000,0.00000,0.00000,0.0000,0,2.5,11,0,0,3.0,16388,1,1,1,14,89,100,200,1.5,0.3333,1,20,3,5,3,1,50,1,1,1,1,0,0,0,24,0,abtg_news.csv,3,30,30,0,,STREV,770901,0,1
102,0.00,0.00000,0.00000,0.00000,0.00000,0.0000,0,2.5,9,0,0,2.0,16388,1,1,1,14,89,100,200,1.5,0.3333,1,20,3,5,3,1,50,1,1,1,1,0,0,0,24,0,abtg_news.csv,3,30,30,0,,STREV,770901,0,1
144,-689.57,-13.26096,0.40540,-0.77869,-5.00000,8.8555,52,2.5,7,0,1,2.0,16388,1,1,1,14,89,100,200,1.5,0.3333,1,20,3,5,3,1,50,1,1,1,1,0,0,0,24,0,abtg_news.csv,3,30,30,0,,STREV,770901,0,1
45,93.29,2.59139,1.22088,0.47582,1.42880,1.9511,36,2.5,14,1,0,1.5,16388,1,1,1,14,89,100,200,1.5,0.3333,1,20,3,5,3,1,50,1,1,1,1,0,0,0,24,0,abtg_news.csv,3,30,30,0,,STREV,770901,0,1
