Pass,Profit,Expected Payoff,Profit Factor,Recovery Factor,Sharpe Ratio,Equity DD %,Trades,Peggior Giornata %,Perdite Consecutive Max,Serie Perdente Peggiore,InpGapMinPoints,InpGapMinRR,InpSessionHour,InpSessionMin,InpRangeMinutes,InpCloseHour,InpCloseMin,InpCloseAtEnd,InpOneTradePerDay,InpMaxPosSimbolo,InpEntryMode,InpRangeMode,InpLevelTF,InpPrevWindowMin,InpBufferPoints,InpOCTimeframe,InpPendingExpiryMin,InpAllowLong,InpAllowShort,InpMinRangePts,InpMaxRangePts,InpRetestOffsetPts,InpFadeOffsetPts,InpDelayMinutes,InpDelayDirMode,InpUseGapFill,InpUseEmaFilter,InpEmaFast,InpEmaSlow,InpFilterTF,InpUseSupertrend,InpStAtrPeriod,InpStMultiplier,InpStTF,InpUseSupertrend3,InpUseCorrelation,InpCorrSymbol,InpCorrTF,InpCorrEmaFast,InpCorrEmaSlow,InpUseVwapFilter,InpVwapTF,InpRiskPercent,InpSLMode,InpAtrSlMult,InpAtrPeriodMgmt,InpTP1_R,InpTP1_ClosePct,InpBreakevenAtTP1,InpBEatR,InpUseTrailing,InpTrailStartR,InpTrailMode,InpTrailTF,InpTrailAtrMult,InpTrailFixedPts,InpUseRoundLevels,InpRoundStep,InpRoundMinDistPts,InpUseNewsFilter,InpNewsFile,InpNewsMinImpact,InpNewsBeforeMin,InpNewsAfterMin,InpNewsShiftMinutes,InpNewsCurrencies,InpNewsFlatten,InpSlippagePts,InpMinStopPts,InpSkipIfTight,InpUseVolumeFilter,InpVolMult,InpVolAvgBars,InpUseAtrFilter,InpAtrFilterBars,InpAtrFilterMult,InpConfirmMode,InpUseVolRegime,InpVolAtrPeriod,InpVolLookback,InpVolLowPct,InpVolHighPct,InpVolLowOffMult,InpVolHighOffMult,InpVolLowSlMult,InpVolHighSlMult,InpVolHighSizeMult,InpUseSRFilter,InpSRProximityPts,InpSRUsePrevDay,InpSRUseRoundNumbers,InpSRRoundInterval,InpMagic,InpMaxSpread,InpVerbose
18,7752.81,484.55063,2.87054,2.63002,27.70698,2.9206,16,-1.0292,-2006,-2006.20,50,2.0,14,30,35,17,30,1,1,0,1,0,16385,60,200,0,120,1,1,0,0,0,0,30,0,1,0,14,200,16385,0,10,2.5,16385,0,0,SPXUSD,16385,14,100,0,15,1,0,1.5,14,0.5,0,0,0,1,0,1,5,2,410,0,100,50,0,abtg_news.csv,3,30,30,0,,1,0,500,0,0,1.5,20,0,20,1,0,0,14,100,20,80,0.7,1.5,0.75,1.5,0.5,0,1500,1,1,10000,770201,0,1
15,5915.09,311.32053,1.95420,1.50101,25.85031,3.9044,19,-1.0292,-3005,-3004.67,200,1.5,14,30,35,17,30,1,1,0,1,0,16385,60,200,0,120,1,1,0,0,0,0,30,0,1,0,14,200,16385,0,10,2.5,16385,0,0,SPXUSD,16385,14,100,0,15,1,0,1.5,14,0.5,0,0,0,1,0,1,5,2,410,0,100,50,0,abtg_news.csv,3,30,30,0,,1,0,500,0,0,1.5,20,0,20,1,0,0,14,100,20,80,0.7,1.5,0.75,1.5,0.5,0,1500,1,1,10000,770201,0,1
3,6737.03,232.31138,1.71777,1.31263,30.70950,5.0828,29,-1.0287,-3991,-3990.88,200,0.5,14,30,35,17,30,1,1,0,1,0,16385,60,200,0,120,1,1,0,0,0,0,30,0,1,0,14,200,16385,0,10,2.5,16385,0,0,SPXUSD,16385,14,100,0,15,1,0,1.5,14,0.5,0,0,0,1,0,1,5,2,410,0,100,50,0,abtg_news.csv,3,30,30,0,,1,0,500,0,0,1.5,20,0,20,1,0,0,14,100,20,80,0.7,1.5,0.75,1.5,0.5,0,1500,1,1,10000,770201,0,1
21,7752.81,484.55063,2.87054,2.63002,27.70698,2.9206,16,-1.0292,-2006,-2006.20,200,2.0,14,30,35,17,30,1,1,0,1,0,16385,60,200,0,120,1,1,0,0,0,0,30,0,1,0,14,200,16385,0,10,2.5,16385,0,0,SPXUSD,16385,14,100,0,15,1,0,1.5,14,0.5,0,0,0,1,0,1,5,2,410,0,100,50,0,abtg_news.csv,3,30,30,0,,1,0,500,0,0,1.5,20,0,20,1,0,0,14,100,20,80,0.7,1.5,0.75,1.5,0.5,0,1500,1,1,10000,770201,0,1
12,5915.09,311.32053,1.95420,1.50101,25.85031,3.9044,19,-1.0292,-3005,-3004.67,50,1.5,14,30,35,17,30,1,1,0,1,0,16385,60,200,0,120,1,1,0,0,0,0,30,0,1,0,14,200,16385,0,10,2.5,16385,0,0,SPXUSD,16385,14,100,0,15,1,0,1.5,14,0.5,0,0,0,1,0,1,5,2,410,0,100,50,0,abtg_news.csv,3,30,30,0,,1,0,500,0,0,1.5,20,0,20,1,0,0,14,100,20,80,0.7,1.5,0.75,1.5,0.5,0,1500,1,1,10000,770201,0,1
9,7260.42,315.67043,1.99328,1.84240,35.02958,3.9026,23,-1.0287,-3005,-3004.67,200,1.0,14,30,35,17,30,1,1,0,1,0,16385,60,200,0,120,1,1,0,0,0,0,30,0,1,0,14,200,16385,0,10,2.5,16385,0,0,SPXUSD,16385,14,100,0,15,1,0,1.5,14,0.5,0,0,0,1,0,1,5,2,410,0,100,50,0,abtg_news.csv,3,30,30,0,,1,0,500,0,0,1.5,20,0,20,1,0,0,14,100,20,80,0.7,1.5,0.75,1.5,0.5,0,1500,1,1,10000,770201,0,1
6,7649.67,294.21808,2.00709,1.94117,32.43899,3.9066,26,-1.0268,-3005,-3004.67,50,1.0,14,30,35,17,30,1,1,0,1,0,16385,60,200,0,120,1,1,0,0,0,0,30,0,1,0,14,200,16385,0,10,2.5,16385,0,0,SPXUSD,16385,14,100,0,15,1,0,1.5,14,0.5,0,0,0,1,0,1,5,2,410,0,100,50,0,abtg_news.csv,3,30,30,0,,1,0,500,0,0,1.5,20,0,20,1,0,0,14,100,20,80,0.7,1.5,0.75,1.5,0.5,0,1500,1,1,10000,770201,0,1
0,8100.16,245.45939,1.83847,1.57955,31.49310,5.0837,33,-1.0268,-3987,-3986.54,50,0.5,14,30,35,17,30,1,1,0,1,0,16385,60,200,0,120,1,1,0,0,0,0,30,0,1,0,14,200,16385,0,10,2.5,16385,0,0,SPXUSD,16385,14,100,0,15,1,0,1.5,14,0.5,0,0,0,1,0,1,5,2,410,0,100,50,0,abtg_news.csv,3,30,30,0,,1,0,500,0,0,1.5,20,0,20,1,0,0,14,100,20,80,0.7,1.5,0.75,1.5,0.5,0,1500,1,1,10000,770201,0,1
19,7752.81,484.55063,2.87054,2.63002,27.70698,2.9206,16,-1.0292,-2006,-2006.20,100,2.0,14,30,35,17,30,1,1,0,1,0,16385,60,200,0,120,1,1,0,0,0,0,30,0,1,0,14,200,16385,0,10,2.5,16385,0,0,SPXUSD,16385,14,100,0,15,1,0,1.5,14,0.5,0,0,0,1,0,1,5,2,410,0,100,50,0,abtg_news.csv,3,30,30,0,,1,0,500,0,0,1.5,20,0,20,1,0,0,14,100,20,80,0.7,1.5,0.75,1.5,0.5,0,1500,1,1,10000,770201,0,1
16,5915.09,311.32053,1.95420,1.50101,25.85031,3.9044,19,-1.0292,-3005,-3004.67,250,1.5,14,30,35,17,30,1,1,0,1,0,16385,60,200,0,120,1,1,0,0,0,0,30,0,1,0,14,200,16385,0,10,2.5,16385,0,0,SPXUSD,16385,14,100,0,15,1,0,1.5,14,0.5,0,0,0,1,0,1,5,2,410,0,100,50,0,abtg_news.csv,3,30,30,0,,1,0,500,0,0,1.5,20,0,20,1,0,0,14,100,20,80,0.7,1.5,0.75,1.5,0.5,0,1500,1,1,10000,770201,0,1
22,7752.81,484.55063,2.87054,2.63002,27.70698,2.9206,16,-1.0292,-2006,-2006.20,250,2.0,14,30,35,17,30,1,1,0,1,0,16385,60,200,0,120,1,1,0,0,0,0,30,0,1,0,14,200,16385,0,10,2.5,16385,0,0,SPXUSD,16385,14,100,0,15,1,0,1.5,14,0.5,0,0,0,1,0,1,5,2,410,0,100,50,0,abtg_news.csv,3,30,30,0,,1,0,500,0,0,1.5,20,0,20,1,0,0,14,100,20,80,0.7,1.5,0.75,1.5,0.5,0,1500,1,1,10000,770201,0,1
13,5915.09,311.32053,1.95420,1.50101,25.85031,3.9044,19,-1.0292,-3005,-3004.67,100,1.5,14,30,35,17,30,1,1,0,1,0,16385,60,200,0,120,1,1,0,0,0,0,30,0,1,0,14,200,16385,0,10,2.5,16385,0,0,SPXUSD,16385,14,100,0,15,1,0,1.5,14,0.5,0,0,0,1,0,1,5,2,410,0,100,50,0,abtg_news.csv,3,30,30,0,,1,0,500,0,0,1.5,20,0,20,1,0,0,14,100,20,80,0.7,1.5,0.75,1.5,0.5,0,1500,1,1,10000,770201,0,1
4,6737.03,232.31138,1.71777,1.31263,30.70950,5.0828,29,-1.0287,-3991,-3990.88,250,0.5,14,30,35,17,30,1,1,0,1,0,16385,60,200,0,120,1,1,0,0,0,0,30,0,1,0,14,200,16385,0,10,2.5,16385,0,0,SPXUSD,16385,14,100,0,15,1,0,1.5,14,0.5,0,0,0,1,0,1,5,2,410,0,100,50,0,abtg_news.csv,3,30,30,0,,1,0,500,0,0,1.5,20,0,20,1,0,0,14,100,20,80,0.7,1.5,0.75,1.5,0.5,0,1500,1,1,10000,770201,0,1
10,7260.42,315.67043,1.99328,1.84240,35.02958,3.9026,23,-1.0287,-3005,-3004.67,250,1.0,14,30,35,17,30,1,1,0,1,0,16385,60,200,0,120,1,1,0,0,0,0,30,0,1,0,14,200,16385,0,10,2.5,16385,0,0,SPXUSD,16385,14,100,0,15,1,0,1.5,14,0.5,0,0,0,1,0,1,5,2,410,0,100,50,0,abtg_news.csv,3,30,30,0,,1,0,500,0,0,1.5,20,0,20,1,0,0,14,100,20,80,0.7,1.5,0.75,1.5,0.5,0,1500,1,1,10000,770201,0,1
7,7772.60,323.85833,2.06335,1.97237,36.55805,3.9026,24,-1.0287,-3005,-3004.67,100,1.0,14,30,35,17,30,1,1,0,1,0,16385,60,200,0,120,1,1,0,0,0,0,30,0,1,0,14,200,16385,0,10,2.5,16385,0,0,SPXUSD,16385,14,100,0,15,1,0,1.5,14,0.5,0,0,0,1,0,1,5,2,410,0,100,50,0,abtg_news.csv,3,30,30,0,,1,0,500,0,0,1.5,20,0,20,1,0,0,14,100,20,80,0.7,1.5,0.75,1.5,0.5,0,1500,1,1,10000,770201,0,1
1,8213.49,264.95129,1.87508,1.60030,35.63743,5.0828,31,-1.0287,-3991,-3990.88,100,0.5,14,30,35,17,30,1,1,0,1,0,16385,60,200,0,120,1,1,0,0,0,0,30,0,1,0,14,200,16385,0,10,2.5,16385,0,0,SPXUSD,16385,14,100,0,15,1,0,1.5,14,0.5,0,0,0,1,0,1,5,2,410,0,100,50,0,abtg_news.csv,3,30,30,0,,1,0,500,0,0,1.5,20,0,20,1,0,0,14,100,20,80,0.7,1.5,0.75,1.5,0.5,0,1500,1,1,10000,770201,0,1
20,7752.81,484.55063,2.87054,2.63002,27.70698,2.9206,16,-1.0292,-2006,-2006.20,150,2.0,14,30,35,17,30,1,1,0,1,0,16385,60,200,0,120,1,1,0,0,0,0,30,0,1,0,14,200,16385,0,10,2.5,16385,0,0,SPXUSD,16385,14,100,0,15,1,0,1.5,14,0.5,0,0,0,1,0,1,5,2,410,0,100,50,0,abtg_news.csv,3,30,30,0,,1,0,500,0,0,1.5,20,0,20,1,0,0,14,100,20,80,0.7,1.5,0.75,1.5,0.5,0,1500,1,1,10000,770201,0,1
17,5915.09,311.32053,1.95420,1.50101,25.85031,3.9044,19,-1.0292,-3005,-3004.67,300,1.5,14,30,35,17,30,1,1,0,1,0,16385,60,200,0,120,1,1,0,0,0,0,30,0,1,0,14,200,16385,0,10,2.5,16385,0,0,SPXUSD,16385,14,100,0,15,1,0,1.5,14,0.5,0,0,0,1,0,1,5,2,410,0,100,50,0,abtg_news.csv,3,30,30,0,,1,0,500,0,0,1.5,20,0,20,1,0,0,14,100,20,80,0.7,1.5,0.75,1.5,0.5,0,1500,1,1,10000,770201,0,1
5,6737.03,232.31138,1.71777,1.31263,30.70950,5.0828,29,-1.0287,-3991,-3990.88,300,0.5,14,30,35,17,30,1,1,0,1,0,16385,60,200,0,120,1,1,0,0,0,0,30,0,1,0,14,200,16385,0,10,2.5,16385,0,0,SPXUSD,16385,14,100,0,15,1,0,1.5,14,0.5,0,0,0,1,0,1,5,2,410,0,100,50,0,abtg_news.csv,3,30,30,0,,1,0,500,0,0,1.5,20,0,20,1,0,0,14,100,20,80,0.7,1.5,0.75,1.5,0.5,0,1500,1,1,10000,770201,0,1
14,5915.09,311.32053,1.95420,1.50101,25.85031,3.9044,19,-1.0292,-3005,-3004.67,150,1.5,14,30,35,17,30,1,1,0,1,0,16385,60,200,0,120,1,1,0,0,0,0,30,0,1,0,14,200,16385,0,10,2.5,16385,0,0,SPXUSD,16385,14,100,0,15,1,0,1.5,14,0.5,0,0,0,1,0,1,5,2,410,0,100,50,0,abtg_news.csv,3,30,30,0,,1,0,500,0,0,1.5,20,0,20,1,0,0,14,100,20,80,0.7,1.5,0.75,1.5,0.5,0,1500,1,1,10000,770201,0,1
23,7752.81,484.55063,2.87054,2.63002,27.70698,2.9206,16,-1.0292,-2006,-2006.20,300,2.0,14,30,35,17,30,1,1,0,1,0,16385,60,200,0,120,1,1,0,0,0,0,30,0,1,0,14,200,16385,0,10,2.5,16385,0,0,SPXUSD,16385,14,100,0,15,1,0,1.5,14,0.5,0,0,0,1,0,1,5,2,410,0,100,50,0,abtg_news.csv,3,30,30,0,,1,0,500,0,0,1.5,20,0,20,1,0,0,14,100,20,80,0.7,1.5,0.75,1.5,0.5,0,1500,1,1,10000,770201,0,1
11,7260.42,315.67043,1.99328,1.84240,35.02958,3.9026,23,-1.0287,-3005,-3004.67,300,1.0,14,30,35,17,30,1,1,0,1,0,16385,60,200,0,120,1,1,0,0,0,0,30,0,1,0,14,200,16385,0,10,2.5,16385,0,0,SPXUSD,16385,14,100,0,15,1,0,1.5,14,0.5,0,0,0,1,0,1,5,2,410,0,100,50,0,abtg_news.csv,3,30,30,0,,1,0,500,0,0,1.5,20,0,20,1,0,0,14,100,20,80,0.7,1.5,0.75,1.5,0.5,0,1500,1,1,10000,770201,0,1
8,7260.42,315.67043,1.99328,1.84240,35.02958,3.9026,23,-1.0287,-3005,-3004.67,150,1.0,14,30,35,17,30,1,1,0,1,0,16385,60,200,0,120,1,1,0,0,0,0,30,0,1,0,14,200,16385,0,10,2.5,16385,0,0,SPXUSD,16385,14,100,0,15,1,0,1.5,14,0.5,0,0,0,1,0,1,5,2,410,0,100,50,0,abtg_news.csv,3,30,30,0,,1,0,500,0,0,1.5,20,0,20,1,0,0,14,100,20,80,0.7,1.5,0.75,1.5,0.5,0,1500,1,1,10000,770201,0,1
2,6737.03,232.31138,1.71777,1.31263,30.70950,5.0828,29,-1.0287,-3991,-3990.88,150,0.5,14,30,35,17,30,1,1,0,1,0,16385,60,200,0,120,1,1,0,0,0,0,30,0,1,0,14,200,16385,0,10,2.5,16385,0,0,SPXUSD,16385,14,100,0,15,1,0,1.5,14,0.5,0,0,0,1,0,1,5,2,410,0,100,50,0,abtg_news.csv,3,30,30,0,,1,0,500,0,0,1.5,20,0,20,1,0,0,14,100,20,80,0.7,1.5,0.75,1.5,0.5,0,1500,1,1,10000,770201,0,1
