Pass,Profit,Expected Payoff,Profit Factor,Recovery Factor,Sharpe Ratio,Equity DD %,Trades,Peggior Giornata %,Perdite Consecutive Max,Serie Perdente Peggiore,InpRangeMinutes,InpAllowLong,InpAllowShort,InpSessionHour,InpSessionMin,InpCloseHour,InpCloseMin,InpCloseAtEnd,InpOneTradePerDay,InpMaxPosSimbolo,InpEntryMode,InpRangeMode,InpLevelTF,InpPrevWindowMin,InpBufferPoints,InpOCTimeframe,InpPendingExpiryMin,InpMinRangePts,InpMaxRangePts,InpRetestOffsetPts,InpFadeOffsetPts,InpDelayMinutes,InpDelayDirMode,InpUseGapFill,InpGapMinPoints,InpGapMinRR,InpUseEmaFilter,InpEmaFast,InpEmaSlow,InpFilterTF,InpUseSupertrend,InpStAtrPeriod,InpStMultiplier,InpStTF,InpUseSupertrend3,InpUseCorrelation,InpCorrSymbol,InpCorrTF,InpCorrEmaFast,InpCorrEmaSlow,InpUseVwapFilter,InpVwapTF,InpRiskPercent,InpSLMode,InpAtrSlMult,InpAtrPeriodMgmt,InpTP1_R,InpTP1_ClosePct,InpBreakevenAtTP1,InpBEatR,InpUseTrailing,InpTrailMode,InpTrailTF,InpTrailAtrMult,InpTrailFixedPts,InpUseRoundLevels,InpRoundStep,InpRoundMinDistPts,InpUseNewsFilter,InpNewsFile,InpNewsMinImpact,InpNewsBeforeMin,InpNewsAfterMin,InpNewsShiftMinutes,InpNewsCurrencies,InpNewsFlatten,InpSlippagePts,InpMinStopPts,InpSkipIfTight,InpUseVolumeFilter,InpVolMult,InpVolAvgBars,InpUseAtrFilter,InpAtrFilterBars,InpAtrFilterMult,InpConfirmMode,InpMagic,InpMaxSpread,InpVerbose
2,0.00,0.00000,0.00000,0.00000,0.00000,0.0000,0,0.0000,-0,-0.00,45,0,0,14,30,17,30,1,1,0,2,0,16385,60,500,0,120,0,0,200,0,30,0,1,150,1.5,0,1,50,16388,0,10,2.5,16385,0,0,SPXUSD,16385,14,100,0,15,1,0,1.5,14,1,50,1,0,1,1,5,2,410,0,100,50,0,abtg_news.csv,3,30,30,0,,1,0,0,1,0,1.5,20,0,20,1,1,770201,0,1
1,0.00,0.00000,0.00000,0.00000,0.00000,0.0000,0,0.0000,-0,-0.00,35,0,0,14,30,17,30,1,1,0,2,0,16385,60,500,0,120,0,0,200,0,30,0,1,150,1.5,0,1,50,16388,0,10,2.5,16385,0,0,SPXUSD,16385,14,100,0,15,1,0,1.5,14,1,50,1,0,1,1,5,2,410,0,100,50,0,abtg_news.csv,3,30,30,0,,1,0,0,1,0,1.5,20,0,20,1,1,770201,0,1
0,0.00,0.00000,0.00000,0.00000,0.00000,0.0000,0,0.0000,-0,-0.00,25,0,0,14,30,17,30,1,1,0,2,0,16385,60,500,0,120,0,0,200,0,30,0,1,150,1.5,0,1,50,16388,0,10,2.5,16385,0,0,SPXUSD,16385,14,100,0,15,1,0,1.5,14,1,50,1,0,1,1,5,2,410,0,100,50,0,abtg_news.csv,3,30,30,0,,1,0,0,1,0,1.5,20,0,20,1,1,770201,0,1
5,-314.31,-1.70821,0.88094,-0.46930,-4.62352,6.6563,184,-0.8804,-191,-190.97,45,1,0,14,30,17,30,1,1,0,2,0,16385,60,500,0,120,0,0,200,0,30,0,1,150,1.5,0,1,50,16388,0,10,2.5,16385,0,0,SPXUSD,16385,14,100,0,15,1,0,1.5,14,1,50,1,0,1,1,5,2,410,0,100,50,0,abtg_news.csv,3,30,30,0,,1,0,0,1,0,1.5,20,0,20,1,1,770201,0,1
4,342.32,1.74653,1.12953,0.69500,4.27774,4.8977,196,-0.8752,-174,-174.35,35,1,0,14,30,17,30,1,1,0,2,0,16385,60,500,0,120,0,0,200,0,30,0,1,150,1.5,0,1,50,16388,0,10,2.5,16385,0,0,SPXUSD,16385,14,100,0,15,1,0,1.5,14,1,50,1,0,1,1,5,2,410,0,100,50,0,abtg_news.csv,3,30,30,0,,1,0,0,1,0,1.5,20,0,20,1,1,770201,0,1
3,-399.00,-1.87324,0.88776,-0.63456,-4.74195,6.2788,213,-0.9033,-325,-325.08,25,1,0,14,30,17,30,1,1,0,2,0,16385,60,500,0,120,0,0,200,0,30,0,1,150,1.5,0,1,50,16388,0,10,2.5,16385,0,0,SPXUSD,16385,14,100,0,15,1,0,1.5,14,1,50,1,0,1,1,5,2,410,0,100,50,0,abtg_news.csv,3,30,30,0,,1,0,0,1,0,1.5,20,0,20,1,1,770201,0,1
6,-466.67,-2.14069,0.89251,-0.47794,-4.53752,9.3355,218,-0.9193,-250,-250.39,25,0,1,14,30,17,30,1,1,0,2,0,16385,60,500,0,120,0,0,200,0,30,0,1,150,1.5,0,1,50,16388,0,10,2.5,16385,0,0,SPXUSD,16385,14,100,0,15,1,0,1.5,14,1,50,1,0,1,1,5,2,410,0,100,50,0,abtg_news.csv,3,30,30,0,,1,0,0,1,0,1.5,20,0,20,1,1,770201,0,1
7,-694.01,-3.52289,0.82293,-0.74873,-5.00000,9.0971,197,-0.8883,-297,-297.37,35,0,1,14,30,17,30,1,1,0,2,0,16385,60,500,0,120,0,0,200,0,30,0,1,150,1.5,0,1,50,16388,0,10,2.5,16385,0,0,SPXUSD,16385,14,100,0,15,1,0,1.5,14,1,50,1,0,1,1,5,2,410,0,100,50,0,abtg_news.csv,3,30,30,0,,1,0,0,1,0,1.5,20,0,20,1,1,770201,0,1
10,107.19,0.35611,1.02233,0.12466,0.74942,7.8775,301,-0.9209,-352,-352.35,35,1,1,14,30,17,30,1,1,0,2,0,16385,60,500,0,120,0,0,200,0,30,0,1,150,1.5,0,1,50,16388,0,10,2.5,16385,0,0,SPXUSD,16385,14,100,0,15,1,0,1.5,14,1,50,1,0,1,1,5,2,410,0,100,50,0,abtg_news.csv,3,30,30,0,,1,0,0,1,0,1.5,20,0,20,1,1,770201,0,1
9,-923.21,-3.00720,0.83253,-0.77188,-5.00000,11.7005,307,-0.8990,-353,-352.94,25,1,1,14,30,17,30,1,1,0,2,0,16385,60,500,0,120,0,0,200,0,30,0,1,150,1.5,0,1,50,16388,0,10,2.5,16385,0,0,SPXUSD,16385,14,100,0,15,1,0,1.5,14,1,50,1,0,1,1,5,2,410,0,100,50,0,abtg_news.csv,3,30,30,0,,1,0,0,1,0,1.5,20,0,20,1,1,770201,0,1
8,-622.66,-3.32973,0.83121,-0.77207,-5.00000,7.9192,187,-0.8957,-355,-355.23,45,0,1,14,30,17,30,1,1,0,2,0,16385,60,500,0,120,0,0,200,0,30,0,1,150,1.5,0,1,50,16388,0,10,2.5,16385,0,0,SPXUSD,16385,14,100,0,15,1,0,1.5,14,1,50,1,0,1,1,5,2,410,0,100,50,0,abtg_news.csv,3,30,30,0,,1,0,0,1,0,1.5,20,0,20,1,1,770201,0,1
11,32.47,0.10970,1.00735,0.04773,0.25976,6.7240,296,-0.8895,-275,-330.17,45,1,1,14,30,17,30,1,1,0,2,0,16385,60,500,0,120,0,0,200,0,30,0,1,150,1.5,0,1,50,16388,0,10,2.5,16385,0,0,SPXUSD,16385,14,100,0,15,1,0,1.5,14,1,50,1,0,1,1,5,2,410,0,100,50,0,abtg_news.csv,3,30,30,0,,1,0,0,1,0,1.5,20,0,20,1,1,770201,0,1
