Pass,Profit,Expected Payoff,Profit Factor,Recovery Factor,Sharpe Ratio,Equity DD %,Trades,InpAllowLong,InpAllowShort,InpOrder1Atr,InpOrder2Atr,InpTP_RR,InpTF,InpEmaPeriod,InpEma14Period,InpAtrPeriod,InpMinDistAtr,InpMaxDistAtr,InpUseEma14Bias,InpUseAdrFilter,InpAdrDays,InpAdrDistMin,InpAdrDistMax,InpUseOrder2,InpPendingExpiryBars,InpSLatr,InpMinRR,InpTP1_ATRmult,InpTP1Pct,InpBreakeven,InpUseTrailing,InpUseCutoff,InpCutoffHour,InpCutoffMin,InpRiskPercent,InpMaxTradesPerDay,InpUseNewsFilter,InpNewsFile,InpNewsMinImpact,InpNewsBeforeMin,InpNewsAfterMin,InpNewsShiftMinutes,InpNewsCurrencies,InpComment,InpFridayClose,InpFridayCloseHour,InpMagic,InpMaxSpread,InpVerbose
222,-1811.62,-9.68781,0.33723,-0.90088,-5.00000,20.0265,187,0,1,0.10,0.6,2.0,16385,200,14,14,0.3,1.5,1,0,50,0,0.8,1,6,1,1,0,50,1,1,0,19,0,1,0,0,abtg_news.csv,3,60,30,0,,EMA200,0,20,771501,0,1
321,-966.32,-4.88040,0.62006,-0.86938,-5.00000,10.9559,198,1,0,0.15,0.5,2.5,16385,200,14,14,0.3,1.5,1,0,50,0,0.8,1,6,1,1,0,50,1,1,0,19,0,1,0,0,abtg_news.csv,3,60,30,0,,EMA200,0,20,771501,0,1
387,-2681.59,-7.28693,0.52091,-0.91301,-5.00000,28.9010,368,1,1,0.05,0.3,3.0,16385,200,14,14,0.3,1.5,1,0,50,0,0.8,1,6,1,1,0,50,1,1,0,19,0,1,0,0,abtg_news.csv,3,60,30,0,,EMA200,0,20,771501,0,1
149,-993.65,-5.09564,0.65064,-0.98660,-5.00000,10.0579,195,1,0,0.10,0.3,2.0,16385,200,14,14,0.3,1.5,1,0,50,0,0.8,1,6,1,1,0,50,1,1,0,19,0,1,0,0,abtg_news.csv,3,60,30,0,,EMA200,0,20,771501,0,1
100,0.00,0.00000,0.00000,0.00000,0.00000,0.0000,0,0,0,0.10,0.6,1.5,16385,200,14,14,0.3,1.5,1,0,50,0,0.8,1,6,1,1,0,50,1,1,0,19,0,1,0,0,abtg_news.csv,3,60,30,0,,EMA200,0,20,771501,0,1
286,-1853.39,-6.86441,0.38804,-0.88915,-5.00000,20.5595,270,0,1,0.30,0.3,2.5,16385,200,14,14,0.3,1.5,1,0,50,0,0.8,1,6,1,1,0,50,1,1,0,19,0,1,0,0,abtg_news.csv,3,60,30,0,,EMA200,0,20,771501,0,1
221,-627.63,-3.42967,0.72196,-0.90067,-4.59756,6.9206,183,1,0,0.10,0.6,2.0,16385,200,14,14,0.3,1.5,1,0,50,0,0.8,1,6,1,1,0,50,1,1,0,19,0,1,0,0,abtg_news.csv,3,60,30,0,,EMA200,0,20,771501,0,1
300,0.00,0.00000,0.00000,0.00000,0.00000,0.0000,0,0,0,0.20,0.4,2.5,16385,200,14,14,0.3,1.5,1,0,50,0,0.8,1,6,1,1,0,50,1,1,0,19,0,1,0,0,abtg_news.csv,3,60,30,0,,EMA200,0,20,771501,0,1
192,0.00,0.00000,0.00000,0.00000,0.00000,0.0000,0,0,0,0.05,0.5,2.0,16385,200,14,14,0.3,1.5,1,0,50,0,0.8,1,6,1,1,0,50,1,1,0,19,0,1,0,0,abtg_news.csv,3,60,30,0,,EMA200,0,20,771501,0,1
32,0.00,0.00000,0.00000,0.00000,0.00000,0.0000,0,0,0,0.15,0.3,1.5,16385,200,14,14,0.3,1.5,1,0,50,0,0.8,1,6,1,1,0,50,1,1,0,19,0,1,0,0,abtg_news.csv,3,60,30,0,,EMA200,0,20,771501,0,1
135,-2541.30,-5.54869,0.54518,-0.92113,-5.00000,27.2301,458,1,1,0.20,0.2,2.0,16385,200,14,14,0.3,1.5,1,0,50,0,0.8,1,6,1,1,0,50,1,1,0,19,0,1,0,0,abtg_news.csv,3,60,30,0,,EMA200,0,20,771501,0,1
422,-2000.82,-8.81419,0.30677,-0.91399,-5.00000,21.7569,227,0,1,0.20,0.4,3.0,16385,200,14,14,0.3,1.5,1,0,50,0,0.8,1,6,1,1,0,50,1,1,0,19,0,1,0,0,abtg_news.csv,3,60,30,0,,EMA200,0,20,771501,0,1
416,0.00,0.00000,0.00000,0.00000,0.00000,0.0000,0,0,0,0.15,0.4,3.0,16385,200,14,14,0.3,1.5,1,0,50,0,0.8,1,6,1,1,0,50,1,1,0,19,0,1,0,0,abtg_news.csv,3,60,30,0,,EMA200,0,20,771501,0,1
111,-2143.63,-5.41321,0.51509,-0.94412,-5.00000,22.6193,396,1,1,0.20,0.6,1.5,16385,200,14,14,0.3,1.5,1,0,50,0,0.8,1,6,1,1,0,50,1,1,0,19,0,1,0,0,abtg_news.csv,3,60,30,0,,EMA200,0,20,771501,0,1
165,-908.51,-3.78546,0.66796,-0.99421,-5.00000,9.1332,240,1,0,0.30,0.3,2.0,16385,200,14,14,0.3,1.5,1,0,50,0,0.8,1,6,1,1,0,50,1,1,0,19,0,1,0,0,abtg_news.csv,3,60,30,0,,EMA200,0,20,771501,0,1
261,-821.30,-3.29839,0.71595,-0.78868,-5.00000,10.3735,249,1,0,0.30,0.2,2.5,16385,200,14,14,0.3,1.5,1,0,50,0,0.8,1,6,1,1,0,50,1,1,0,19,0,1,0,0,abtg_news.csv,3,60,30,0,,EMA200,0,20,771501,0,1
356,0.00,0.00000,0.00000,0.00000,0.00000,0.0000,0,0,0,0.30,0.6,2.5,16385,200,14,14,0.3,1.5,1,0,50,0,0.8,1,6,1,1,0,50,1,1,0,19,0,1,0,0,abtg_news.csv,3,60,30,0,,EMA200,0,20,771501,0,1
193,-968.52,-5.53440,0.62090,-0.94617,-5.00000,10.1801,175,1,0,0.05,0.5,2.0,16385,200,14,14,0.3,1.5,1,0,50,0,0.8,1,6,1,1,0,50,1,1,0,19,0,1,0,0,abtg_news.csv,3,60,30,0,,EMA200,0,20,771501,0,1
462,-1827.21,-9.77118,0.33106,-0.90164,-5.00000,20.1818,187,0,1,0.10,0.6,3.0,16385,200,14,14,0.3,1.5,1,0,50,0,0.8,1,6,1,1,0,50,1,1,0,19,0,1,0,0,abtg_news.csv,3,60,30,0,,EMA200,0,20,771501,0,1
339,-2098.12,-6.26304,0.55034,-0.90411,-5.00000,22.9115,335,1,1,0.05,0.6,2.5,16385,200,14,14,0.3,1.5,1,0,50,0,0.8,1,6,1,1,0,50,1,1,0,19,0,1,0,0,abtg_news.csv,3,60,30,0,,EMA200,0,20,771501,0,1
318,-2166.14,-11.34105,0.28095,-0.93356,-5.00000,23.0628,191,0,1,0.10,0.5,2.5,16385,200,14,14,0.3,1.5,1,0,50,0,0.8,1,6,1,1,0,50,1,1,0,19,0,1,0,0,abtg_news.csv,3,60,30,0,,EMA200,0,20,771501,0,1
270,-1978.79,-9.55937,0.37656,-0.88630,-5.00000,21.9903,207,0,1,0.10,0.3,2.5,16385,200,14,14,0.3,1.5,1,0,50,0,0.8,1,6,1,1,0,50,1,1,0,19,0,1,0,0,abtg_news.csv,3,60,30,0,,EMA200,0,20,771501,0,1
212,0.00,0.00000,0.00000,0.00000,0.00000,0.0000,0,0,0,0.30,0.5,2.0,16385,200,14,14,0.3,1.5,1,0,50,0,0.8,1,6,1,1,0,50,1,1,0,19,0,1,0,0,abtg_news.csv,3,60,30,0,,EMA200,0,20,771501,0,1
315,-2909.88,-8.63466,0.43772,-0.95129,-5.00000,30.4005,337,1,1,0.05,0.5,2.5,16385,200,14,14,0.3,1.5,1,0,50,0,0.8,1,6,1,1,0,50,1,1,0,19,0,1,0,0,abtg_news.csv,3,60,30,0,,EMA200,0,20,771501,0,1
361,-844.01,-4.28431,0.71837,-0.77939,-5.00000,10.7755,197,1,0,0.05,0.2,3.0,16385,200,14,14,0.3,1.5,1,0,50,0,0.8,1,6,1,1,0,50,1,1,0,19,0,1,0,0,abtg_news.csv,3,60,30,0,,EMA200,0,20,771501,0,1
35,-2721.26,-6.62107,0.50452,-0.92879,-5.00000,28.9468,411,1,1,0.15,0.3,1.5,16385,200,14,14,0.3,1.5,1,0,50,0,0.8,1,6,1,1,0,50,1,1,0,19,0,1,0,0,abtg_news.csv,3,60,30,0,,EMA200,0,20,771501,0,1
306,-1981.27,-8.11996,0.32003,-0.91482,-5.00000,21.5292,244,0,1,0.25,0.4,2.5,16385,200,14,14,0.3,1.5,1,0,50,0,0.8,1,6,1,1,0,50,1,1,0,19,0,1,0,0,abtg_news.csv,3,60,30,0,,EMA200,0,20,771501,0,1
95,-2629.29,-5.90852,0.46364,-0.95947,-5.00000,27.2620,445,1,1,0.30,0.5,1.5,16385,200,14,14,0.3,1.5,1,0,50,0,0.8,1,6,1,1,0,50,1,1,0,19,0,1,0,0,abtg_news.csv,3,60,30,0,,EMA200,0,20,771501,0,1
303,-2868.05,-6.63900,0.45051,-0.94168,-5.00000,30.2701,432,1,1,0.20,0.4,2.5,16385,200,14,14,0.3,1.5,1,0,50,0,0.8,1,6,1,1,0,50,1,1,0,19,0,1,0,0,abtg_news.csv,3,60,30,0,,EMA200,0,20,771501,0,1
203,-2933.34,-7.69906,0.42968,-0.95616,-5.00000,30.5065,381,1,1,0.15,0.5,2.0,16385,200,14,14,0.3,1.5,1,0,50,0,0.8,1,6,1,1,0,50,1,1,0,19,0,1,0,0,abtg_news.csv,3,60,30,0,,EMA200,0,20,771501,0,1
362,-1827.09,-9.18136,0.44720,-0.87370,-5.00000,20.5871,199,0,1,0.05,0.2,3.0,16385,200,14,14,0.3,1.5,1,0,50,0,0.8,1,6,1,1,0,50,1,1,0,19,0,1,0,0,abtg_news.csv,3,60,30,0,,EMA200,0,20,771501,0,1
414,-2129.99,-10.54450,0.30816,-0.91545,-5.00000,23.1147,202,0,1,0.10,0.4,3.0,16385,200,14,14,0.3,1.5,1,0,50,0,0.8,1,6,1,1,0,50,1,1,0,19,0,1,0,0,abtg_news.csv,3,60,30,0,,EMA200,0,20,771501,0,1
344,0.00,0.00000,0.00000,0.00000,0.00000,0.0000,0,0,0,0.15,0.6,2.5,16385,200,14,14,0.3,1.5,1,0,50,0,0.8,1,6,1,1,0,50,1,1,0,19,0,1,0,0,abtg_news.csv,3,60,30,0,,EMA200,0,20,771501,0,1
396,0.00,0.00000,0.00000,0.00000,0.00000,0.0000,0,0,0,0.20,0.3,3.0,16385,200,14,14,0.3,1.5,1,0,50,0,0.8,1,6,1,1,0,50,1,1,0,19,0,1,0,0,abtg_news.csv,3,60,30,0,,EMA200,0,20,771501,0,1
313,-963.98,-5.50846,0.62376,-0.94593,-5.00000,10.1350,175,1,0,0.05,0.5,2.5,16385,200,14,14,0.3,1.5,1,0,50,0,0.8,1,6,1,1,0,50,1,1,0,19,0,1,0,0,abtg_news.csv,3,60,30,0,,EMA200,0,20,771501,0,1
442,-2219.71,-10.77529,0.26429,-0.93925,-5.00000,23.5007,206,0,1,0.15,0.5,3.0,16385,200,14,14,0.3,1.5,1,0,50,0,0.8,1,6,1,1,0,50,1,1,0,19,0,1,0,0,abtg_news.csv,3,60,30,0,,EMA200,0,20,771501,0,1
250,-1946.77,-8.31953,0.40802,-0.89237,-5.00000,21.5028,234,0,1,0.15,0.2,2.5,16385,200,14,14,0.3,1.5,1,0,50,0,0.8,1,6,1,1,0,50,1,1,0,19,0,1,0,0,abtg_news.csv,3,60,30,0,,EMA200,0,20,771501,0,1
198,-2110.81,-11.10953,0.30255,-0.93193,-5.00000,22.5128,190,0,1,0.10,0.5,2.0,16385,200,14,14,0.3,1.5,1,0,50,0,0.8,1,6,1,1,0,50,1,1,0,19,0,1,0,0,abtg_news.csv,3,60,30,0,,EMA200,0,20,771501,0,1
27,-2654.32,-7.37311,0.52122,-0.92316,-5.00000,28.3919,360,1,1,0.05,0.3,1.5,16385,200,14,14,0.3,1.5,1,0,50,0,0.8,1,6,1,1,0,50,1,1,0,19,0,1,0,0,abtg_news.csv,3,60,30,0,,EMA200,0,20,771501,0,1
282,-1828.49,-7.40279,0.39161,-0.88537,-5.00000,20.3621,247,0,1,0.25,0.3,2.5,16385,200,14,14,0.3,1.5,1,0,50,0,0.8,1,6,1,1,0,50,1,1,0,19,0,1,0,0,abtg_news.csv,3,60,30,0,,EMA200,0,20,771501,0,1
307,-2779.27,-6.08155,0.47508,-0.94092,-5.00000,29.3628,457,1,1,0.25,0.4,2.5,16385,200,14,14,0.3,1.5,1,0,50,0,0.8,1,6,1,1,0,50,1,1,0,19,0,1,0,0,abtg_news.csv,3,60,30,0,,EMA200,0,20,771501,0,1
159,-2630.70,-5.96531,0.50914,-0.92091,-5.00000,28.1794,441,1,1,0.20,0.3,2.0,16385,200,14,14,0.3,1.5,1,0,50,0,0.8,1,6,1,1,0,50,1,1,0,19,0,1,0,0,abtg_news.csv,3,60,30,0,,EMA200,0,20,771501,0,1
130,-1950.75,-8.33654,0.40681,-0.89786,-5.00000,21.4421,234,0,1,0.15,0.2,2.0,16385,200,14,14,0.3,1.5,1,0,50,0,0.8,1,6,1,1,0,50,1,1,0,19,0,1,0,0,abtg_news.csv,3,60,30,0,,EMA200,0,20,771501,0,1
98,-1702.31,-9.89715,0.38270,-0.85721,-5.00000,19.6550,172,0,1,0.05,0.6,1.5,16385,200,14,14,0.3,1.5,1,0,50,0,0.8,1,6,1,1,0,50,1,1,0,19,0,1,0,0,abtg_news.csv,3,60,30,0,,EMA200,0,20,771501,0,1
137,-820.36,-3.32130,0.72217,-0.78316,-5.00000,10.4325,247,1,0,0.25,0.2,2.0,16385,200,14,14,0.3,1.5,1,0,50,0,0.8,1,6,1,1,0,50,1,1,0,19,0,1,0,0,abtg_news.csv,3,60,30,0,,EMA200,0,20,771501,0,1
285,-872.59,-3.63579,0.68207,-0.96761,-5.00000,9.0132,240,1,0,0.30,0.3,2.5,16385,200,14,14,0.3,1.5,1,0,50,0,0.8,1,6,1,1,0,50,1,1,0,19,0,1,0,0,abtg_news.csv,3,60,30,0,,EMA200,0,20,771501,0,1
131,-2787.78,-6.43829,0.51886,-0.92892,-5.00000,29.6179,433,1,1,0.15,0.2,2.0,16385,200,14,14,0.3,1.5,1,0,50,0,0.8,1,6,1,1,0,50,1,1,0,19,0,1,0,0,abtg_news.csv,3,60,30,0,,EMA200,0,20,771501,0,1
385,-898.16,-4.77745,0.68317,-0.94711,-5.00000,9.4684,188,1,0,0.05,0.3,3.0,16385,200,14,14,0.3,1.5,1,0,50,0,0.8,1,6,1,1,0,50,1,1,0,19,0,1,0,0,abtg_news.csv,3,60,30,0,,EMA200,0,20,771501,0,1
157,-901.40,-4.04215,0.67511,-0.98239,-5.00000,9.1673,223,1,0,0.20,0.3,2.0,16385,200,14,14,0.3,1.5,1,0,50,0,0.8,1,6,1,1,0,50,1,1,0,19,0,1,0,0,abtg_news.csv,3,60,30,0,,EMA200,0,20,771501,0,1
423,-2852.73,-6.60354,0.45422,-0.94139,-5.00000,30.1179,432,1,1,0.20,0.4,3.0,16385,200,14,14,0.3,1.5,1,0,50,0,0.8,1,6,1,1,0,50,1,1,0,19,0,1,0,0,abtg_news.csv,3,60,30,0,,EMA200,0,20,771501,0,1
464,0.00,0.00000,0.00000,0.00000,0.00000,0.0000,0,0,0,0.15,0.6,3.0,16385,200,14,14,0.3,1.5,1,0,50,0,0.8,1,6,1,1,0,50,1,1,0,19,0,1,0,0,abtg_news.csv,3,60,30,0,,EMA200,0,20,771501,0,1
305,-960.34,-4.12163,0.65593,-0.99287,-5.00000,9.6657,233,1,0,0.25,0.4,2.5,16385,200,14,14,0.3,1.5,1,0,50,0,0.8,1,6,1,1,0,50,1,1,0,19,0,1,0,0,abtg_news.csv,3,60,30,0,,EMA200,0,20,771501,0,1
430,-2004.86,-7.62304,0.31629,-0.92849,-5.00000,21.4677,263,0,1,0.30,0.4,3.0,16385,200,14,14,0.3,1.5,1,0,50,0,0.8,1,6,1,1,0,50,1,1,0,19,0,1,0,0,abtg_news.csv,3,60,30,0,,EMA200,0,20,771501,0,1
364,0.00,0.00000,0.00000,0.00000,0.00000,0.0000,0,0,0,0.10,0.2,3.0,16385,200,14,14,0.3,1.5,1,0,50,0,0.8,1,6,1,1,0,50,1,1,0,19,0,1,0,0,abtg_news.csv,3,60,30,0,,EMA200,0,20,771501,0,1
418,-2172.93,-9.96757,0.29084,-0.92017,-5.00000,23.4647,218,0,1,0.15,0.4,3.0,16385,200,14,14,0.3,1.5,1,0,50,0,0.8,1,6,1,1,0,50,1,1,0,19,0,1,0,0,abtg_news.csv,3,60,30,0,,EMA200,0,20,771501,0,1
101,-654.55,-3.63639,0.70902,-0.92709,-4.99474,7.0241,180,1,0,0.10,0.6,1.5,16385,200,14,14,0.3,1.5,1,0,50,0,0.8,1,6,1,1,0,50,1,1,0,19,0,1,0,0,abtg_news.csv,3,60,30,0,,EMA200,0,20,771501,0,1
58,-2015.62,-9.28857,0.33775,-0.91447,-5.00000,21.9016,217,0,1,0.15,0.4,1.5,16385,200,14,14,0.3,1.5,1,0,50,0,0.8,1,6,1,1,0,50,1,1,0,19,0,1,0,0,abtg_news.csv,3,60,30,0,,EMA200,0,20,771501,0,1
52,0.00,0.00000,0.00000,0.00000,0.00000,0.0000,0,0,0,0.10,0.4,1.5,16385,200,14,14,0.3,1.5,1,0,50,0,0.8,1,6,1,1,0,50,1,1,0,19,0,1,0,0,abtg_news.csv,3,60,30,0,,EMA200,0,20,771501,0,1
140,0.00,0.00000,0.00000,0.00000,0.00000,0.0000,0,0,0,0.30,0.2,2.0,16385,200,14,14,0.3,1.5,1,0,50,0,0.8,1,6,1,1,0,50,1,1,0,19,0,1,0,0,abtg_news.csv,3,60,30,0,,EMA200,0,20,771501,0,1
445,-907.54,-4.24084,0.63844,-0.86882,-5.00000,10.3045,214,1,0,0.20,0.5,3.0,16385,200,14,14,0.3,1.5,1,0,50,0,0.8,1,6,1,1,0,50,1,1,0,19,0,1,0,0,abtg_news.csv,3,60,30,0,,EMA200,0,20,771501,0,1
457,-455.45,-2.60257,0.79634,-0.71248,-3.20492,6.2771,175,1,0,0.05,0.6,3.0,16385,200,14,14,0.3,1.5,1,0,50,0,0.8,1,6,1,1,0,50,1,1,0,19,0,1,0,0,abtg_news.csv,3,60,30,0,,EMA200,0,20,771501,0,1
383,-2504.80,-4.96000,0.55404,-0.92168,-5.00000,26.8188,505,1,1,0.30,0.2,3.0,16385,200,14,14,0.3,1.5,1,0,50,0,0.8,1,6,1,1,0,50,1,1,0,19,0,1,0,0,abtg_news.csv,3,60,30,0,,EMA200,0,20,771501,0,1
168,0.00,0.00000,0.00000,0.00000,0.00000,0.0000,0,0,0,0.05,0.4,2.0,16385,200,14,14,0.3,1.5,1,0,50,0,0.8,1,6,1,1,0,50,1,1,0,19,0,1,0,0,abtg_news.csv,3,60,30,0,,EMA200,0,20,771501,0,1
196,0.00,0.00000,0.00000,0.00000,0.00000,0.0000,0,0,0,0.10,0.5,2.0,16385,200,14,14,0.3,1.5,1,0,50,0,0.8,1,6,1,1,0,50,1,1,0,19,0,1,0,0,abtg_news.csv,3,60,30,0,,EMA200,0,20,771501,0,1
33,-1004.16,-4.89834,0.64201,-0.98899,-5.00000,10.1421,205,1,0,0.15,0.3,1.5,16385,200,14,14,0.3,1.5,1,0,50,0,0.8,1,6,1,1,0,50,1,1,0,19,0,1,0,0,abtg_news.csv,3,60,30,0,,EMA200,0,20,771501,0,1
357,-473.48,-2.03210,0.78020,-0.73875,-3.35235,6.3037,233,1,0,0.30,0.6,2.5,16385,200,14,14,0.3,1.5,1,0,50,0,0.8,1,6,1,1,0,50,1,1,0,19,0,1,0,0,abtg_news.csv,3,60,30,0,,EMA200,0,20,771501,0,1
345,-532.94,-2.69162,0.76053,-0.75317,-3.81418,6.9545,198,1,0,0.15,0.6,2.5,16385,200,14,14,0.3,1.5,1,0,50,0,0.8,1,6,1,1,0,50,1,1,0,19,0,1,0,0,abtg_news.csv,3,60,30,0,,EMA200,0,20,771501,0,1
478,-1640.90,-6.56360,0.37437,-0.86711,-5.00000,18.6921,250,0,1,0.30,0.6,3.0,16385,200,14,14,0.3,1.5,1,0,50,0,0.8,1,6,1,1,0,50,1,1,0,19,0,1,0,0,abtg_news.csv,3,60,30,0,,EMA200,0,20,771501,0,1
333,-903.98,-3.89647,0.63365,-0.85963,-5.00000,10.3629,232,1,0,0.30,0.5,2.5,16385,200,14,14,0.3,1.5,1,0,50,0,0.8,1,6,1,1,0,50,1,1,0,19,0,1,0,0,abtg_news.csv,3,60,30,0,,EMA200,0,20,771501,0,1
394,-2025.95,-9.08498,0.35961,-0.89162,-5.00000,22.3801,223,0,1,0.15,0.3,3.0,16385,200,14,14,0.3,1.5,1,0,50,0,0.8,1,6,1,1,0,50,1,1,0,19,0,1,0,0,abtg_news.csv,3,60,30,0,,EMA200,0,20,771501,0,1
293,-1133.57,-5.96616,0.60023,-0.98909,-5.00000,11.4464,190,1,0,0.10,0.4,2.5,16385,200,14,14,0.3,1.5,1,0,50,0,0.8,1,6,1,1,0,50,1,1,0,19,0,1,0,0,abtg_news.csv,3,60,30,0,,EMA200,0,20,771501,0,1
175,-3023.48,-7.89420,0.44417,-0.94385,-5.00000,31.8236,383,1,1,0.10,0.4,2.0,16385,200,14,14,0.3,1.5,1,0,50,0,0.8,1,6,1,1,0,50,1,1,0,19,0,1,0,0,abtg_news.csv,3,60,30,0,,EMA200,0,20,771501,0,1
428,0.00,0.00000,0.00000,0.00000,0.00000,0.0000,0,0,0,0.30,0.4,3.0,16385,200,14,14,0.3,1.5,1,0,50,0,0.8,1,6,1,1,0,50,1,1,0,19,0,1,0,0,abtg_news.csv,3,60,30,0,,EMA200,0,20,771501,0,1
208,0.00,0.00000,0.00000,0.00000,0.00000,0.0000,0,0,0,0.25,0.5,2.0,16385,200,14,14,0.3,1.5,1,0,50,0,0.8,1,6,1,1,0,50,1,1,0,19,0,1,0,0,abtg_news.csv,3,60,30,0,,EMA200,0,20,771501,0,1
185,-990.50,-4.25107,0.64367,-0.99308,-5.00000,9.9671,233,1,0,0.25,0.4,2.0,16385,200,14,14,0.3,1.5,1,0,50,0,0.8,1,6,1,1,0,50,1,1,0,19,0,1,0,0,abtg_news.csv,3,60,30,0,,EMA200,0,20,771501,0,1
158,-1869.35,-8.05754,0.37344,-0.88778,-5.00000,20.7711,232,0,1,0.20,0.3,2.0,16385,200,14,14,0.3,1.5,1,0,50,0,0.8,1,6,1,1,0,50,1,1,0,19,0,1,0,0,abtg_news.csv,3,60,30,0,,EMA200,0,20,771501,0,1
417,-1074.72,-5.26824,0.61766,-0.99049,-5.00000,10.8392,204,1,0,0.15,0.4,3.0,16385,200,14,14,0.3,1.5,1,0,50,0,0.8,1,6,1,1,0,50,1,1,0,19,0,1,0,0,abtg_news.csv,3,60,30,0,,EMA200,0,20,771501,0,1
427,-2761.64,-6.04298,0.48027,-0.94057,-5.00000,29.1876,457,1,1,0.25,0.4,3.0,16385,200,14,14,0.3,1.5,1,0,50,0,0.8,1,6,1,1,0,50,1,1,0,19,0,1,0,0,abtg_news.csv,3,60,30,0,,EMA200,0,20,771501,0,1
41,-946.36,-4.01000,0.66060,-0.99245,-5.00000,9.5287,236,1,0,0.25,0.3,1.5,16385,200,14,14,0.3,1.5,1,0,50,0,0.8,1,6,1,1,0,50,1,1,0,19,0,1,0,0,abtg_news.csv,3,60,30,0,,EMA200,0,20,771501,0,1
404,0.00,0.00000,0.00000,0.00000,0.00000,0.0000,0,0,0,0.30,0.3,3.0,16385,200,14,14,0.3,1.5,1,0,50,0,0.8,1,6,1,1,0,50,1,1,0,19,0,1,0,0,abtg_news.csv,3,60,30,0,,EMA200,0,20,771501,0,1
372,0.00,0.00000,0.00000,0.00000,0.00000,0.0000,0,0,0,0.20,0.2,3.0,16385,200,14,14,0.3,1.5,1,0,50,0,0.8,1,6,1,1,0,50,1,1,0,19,0,1,0,0,abtg_news.csv,3,60,30,0,,EMA200,0,20,771501,0,1
252,0.00,0.00000,0.00000,0.00000,0.00000,0.0000,0,0,0,0.20,0.2,2.5,16385,200,14,14,0.3,1.5,1,0,50,0,0.8,1,6,1,1,0,50,1,1,0,19,0,1,0,0,abtg_news.csv,3,60,30,0,,EMA200,0,20,771501,0,1
9,-874.42,-4.10526,0.70219,-0.95109,-5.00000,9.1527,213,1,0,0.15,0.2,1.5,16385,200,14,14,0.3,1.5,1,0,50,0,0.8,1,6,1,1,0,50,1,1,0,19,0,1,0,0,abtg_news.csv,3,60,30,0,,EMA200,0,20,771501,0,1
229,-545.32,-2.54822,0.75026,-0.79050,-3.99049,6.8001,214,1,0,0.20,0.6,2.0,16385,200,14,14,0.3,1.5,1,0,50,0,0.8,1,6,1,1,0,50,1,1,0,19,0,1,0,0,abtg_news.csv,3,60,30,0,,EMA200,0,20,771501,0,1
244,0.00,0.00000,0.00000,0.00000,0.00000,0.0000,0,0,0,0.10,0.2,2.5,16385,200,14,14,0.3,1.5,1,0,50,0,0.8,1,6,1,1,0,50,1,1,0,19,0,1,0,0,abtg_news.csv,3,60,30,0,,EMA200,0,20,771501,0,1
123,-2687.42,-6.99849,0.53897,-0.92025,-5.00000,28.7910,384,1,1,0.05,0.2,2.0,16385,200,14,14,0.3,1.5,1,0,50,0,0.8,1,6,1,1,0,50,1,1,0,19,0,1,0,0,abtg_news.csv,3,60,30,0,,EMA200,0,20,771501,0,1
326,-2044.98,-9.55598,0.28004,-0.92975,-5.00000,21.8576,214,0,1,0.20,0.5,2.5,16385,200,14,14,0.3,1.5,1,0,50,0,0.8,1,6,1,1,0,50,1,1,0,19,0,1,0,0,abtg_news.csv,3,60,30,0,,EMA200,0,20,771501,0,1
194,-2061.85,-11.98750,0.32620,-0.92848,-5.00000,22.0702,172,0,1,0.05,0.5,2.0,16385,200,14,14,0.3,1.5,1,0,50,0,0.8,1,6,1,1,0,50,1,1,0,19,0,1,0,0,abtg_news.csv,3,60,30,0,,EMA200,0,20,771501,0,1
337,-509.33,-2.91046,0.77177,-0.79995,-3.69644,6.2869,175,1,0,0.05,0.6,2.5,16385,200,14,14,0.3,1.5,1,0,50,0,0.8,1,6,1,1,0,50,1,1,0,19,0,1,0,0,abtg_news.csv,3,60,30,0,,EMA200,0,20,771501,0,1
322,-2219.71,-10.77529,0.26429,-0.93925,-5.00000,23.5007,206,0,1,0.15,0.5,2.5,16385,200,14,14,0.3,1.5,1,0,50,0,0.8,1,6,1,1,0,50,1,1,0,19,0,1,0,0,abtg_news.csv,3,60,30,0,,EMA200,0,20,771501,0,1
213,-939.57,-4.06740,0.61819,-0.86423,-5.00000,10.7137,231,1,0,0.30,0.5,2.0,16385,200,14,14,0.3,1.5,1,0,50,0,0.8,1,6,1,1,0,50,1,1,0,19,0,1,0,0,abtg_news.csv,3,60,30,0,,EMA200,0,20,771501,0,1
74,-1994.72,-11.59721,0.33851,-0.92627,-5.00000,21.4041,172,0,1,0.05,0.5,1.5,16385,200,14,14,0.3,1.5,1,0,50,0,0.8,1,6,1,1,0,50,1,1,0,19,0,1,0,0,abtg_news.csv,3,60,30,0,,EMA200,0,20,771501,0,1
436,0.00,0.00000,0.00000,0.00000,0.00000,0.0000,0,0,0,0.10,0.5,3.0,16385,200,14,14,0.3,1.5,1,0,50,0,0.8,1,6,1,1,0,50,1,1,0,19,0,1,0,0,abtg_news.csv,3,60,30,0,,EMA200,0,20,771501,0,1
297,-1088.97,-5.33809,0.61198,-0.99061,-5.00000,10.9816,204,1,0,0.15,0.4,2.5,16385,200,14,14,0.3,1.5,1,0,50,0,0.8,1,6,1,1,0,50,1,1,0,19,0,1,0,0,abtg_news.csv,3,60,30,0,,EMA200,0,20,771501,0,1
55,-2961.20,-7.83386,0.45241,-0.94274,-5.00000,31.2049,378,1,1,0.10,0.4,1.5,16385,200,14,14,0.3,1.5,1,0,50,0,0.8,1,6,1,1,0,50,1,1,0,19,0,1,0,0,abtg_news.csv,3,60,30,0,,EMA200,0,20,771501,0,1
331,-2679.80,-6.29061,0.46389,-0.95132,-5.00000,28.0105,426,1,1,0.25,0.5,2.5,16385,200,14,14,0.3,1.5,1,0,50,0,0.8,1,6,1,1,0,50,1,1,0,19,0,1,0,0,abtg_news.csv,3,60,30,0,,EMA200,0,20,771501,0,1
260,0.00,0.00000,0.00000,0.00000,0.00000,0.0000,0,0,0,0.30,0.2,2.5,16385,200,14,14,0.3,1.5,1,0,50,0,0.8,1,6,1,1,0,50,1,1,0,19,0,1,0,0,abtg_news.csv,3,60,30,0,,EMA200,0,20,771501,0,1
122,-1843.32,-9.26291,0.44229,-0.88081,-5.00000,20.6321,199,0,1,0.05,0.2,2.0,16385,200,14,14,0.3,1.5,1,0,50,0,0.8,1,6,1,1,0,50,1,1,0,19,0,1,0,0,abtg_news.csv,3,60,30,0,,EMA200,0,20,771501,0,1
360,0.00,0.00000,0.00000,0.00000,0.00000,0.0000,0,0,0,0.05,0.2,3.0,16385,200,14,14,0.3,1.5,1,0,50,0,0.8,1,6,1,1,0,50,1,1,0,19,0,1,0,0,abtg_news.csv,3,60,30,0,,EMA200,0,20,771501,0,1
60,0.00,0.00000,0.00000,0.00000,0.00000,0.0000,0,0,0,0.20,0.4,1.5,16385,200,14,14,0.3,1.5,1,0,50,0,0.8,1,6,1,1,0,50,1,1,0,19,0,1,0,0,abtg_news.csv,3,60,30,0,,EMA200,0,20,771501,0,1
146,-1930.06,-10.21196,0.39559,-0.88420,-5.00000,21.5158,189,0,1,0.05,0.3,2.0,16385,200,14,14,0.3,1.5,1,0,50,0,0.8,1,6,1,1,0,50,1,1,0,19,0,1,0,0,abtg_news.csv,3,60,30,0,,EMA200,0,20,771501,0,1
405,-841.73,-3.49266,0.69432,-0.94179,-5.00000,8.9329,241,1,0,0.30,0.3,3.0,16385,200,14,14,0.3,1.5,1,0,50,0,0.8,1,6,1,1,0,50,1,1,0,19,0,1,0,0,abtg_news.csv,3,60,30,0,,EMA200,0,20,771501,0,1
408,0.00,0.00000,0.00000,0.00000,0.00000,0.0000,0,0,0,0.05,0.4,3.0,16385,200,14,14,0.3,1.5,1,0,50,0,0.8,1,6,1,1,0,50,1,1,0,19,0,1,0,0,abtg_news.csv,3,60,30,0,,EMA200,0,20,771501,0,1
138,-1696.57,-6.60144,0.45108,-0.88772,-5.00000,18.8743,257,0,1,0.25,0.2,2.0,16385,200,14,14,0.3,1.5,1,0,50,0,0.8,1,6,1,1,0,50,1,1,0,19,0,1,0,0,abtg_news.csv,3,60,30,0,,EMA200,0,20,771501,0,1
156,0.00,0.00000,0.00000,0.00000,0.00000,0.0000,0,0,0,0.20,0.3,2.0,16385,200,14,14,0.3,1.5,1,0,50,0,0.8,1,6,1,1,0,50,1,1,0,19,0,1,0,0,abtg_news.csv,3,60,30,0,,EMA200,0,20,771501,0,1
172,0.00,0.00000,0.00000,0.00000,0.00000,0.0000,0,0,0,0.10,0.4,2.0,16385,200,14,14,0.3,1.5,1,0,50,0,0.8,1,6,1,1,0,50,1,1,0,19,0,1,0,0,abtg_news.csv,3,60,30,0,,EMA200,0,20,771501,0,1
317,-1030.22,-5.62962,0.60155,-0.95381,-5.00000,10.7475,183,1,0,0.10,0.5,2.5,16385,200,14,14,0.3,1.5,1,0,50,0,0.8,1,6,1,1,0,50,1,1,0,19,0,1,0,0,abtg_news.csv,3,60,30,0,,EMA200,0,20,771501,0,1
456,0.00,0.00000,0.00000,0.00000,0.00000,0.0000,0,0,0,0.05,0.6,3.0,16385,200,14,14,0.3,1.5,1,0,50,0,0.8,1,6,1,1,0,50,1,1,0,19,0,1,0,0,abtg_news.csv,3,60,30,0,,EMA200,0,20,771501,0,1
350,-1754.39,-8.51646,0.31999,-0.91081,-5.00000,19.1891,206,0,1,0.20,0.6,2.5,16385,200,14,14,0.3,1.5,1,0,50,0,0.8,1,6,1,1,0,50,1,1,0,19,0,1,0,0,abtg_news.csv,3,60,30,0,,EMA200,0,20,771501,0,1
353,-400.02,-1.75447,0.81792,-0.62862,-2.79876,6.2166,228,1,0,0.25,0.6,2.5,16385,200,14,14,0.3,1.5,1,0,50,0,0.8,1,6,1,1,0,50,1,1,0,19,0,1,0,0,abtg_news.csv,3,60,30,0,,EMA200,0,20,771501,0,1
228,0.00,0.00000,0.00000,0.00000,0.00000,0.0000,0,0,0,0.20,0.6,2.0,16385,200,14,14,0.3,1.5,1,0,50,0,0.8,1,6,1,1,0,50,1,1,0,19,0,1,0,0,abtg_news.csv,3,60,30,0,,EMA200,0,20,771501,0,1
429,-999.87,-4.27295,0.63576,-0.99496,-5.00000,10.0442,234,1,0,0.30,0.4,3.0,16385,200,14,14,0.3,1.5,1,0,50,0,0.8,1,6,1,1,0,50,1,1,0,19,0,1,0,0,abtg_news.csv,3,60,30,0,,EMA200,0,20,771501,0,1
91,-2608.47,-6.19589,0.47270,-0.94905,-5.00000,27.3302,421,1,1,0.25,0.5,1.5,16385,200,14,14,0.3,1.5,1,0,50,0,0.8,1,6,1,1,0,50,1,1,0,19,0,1,0,0,abtg_news.csv,3,60,30,0,,EMA200,0,20,771501,0,1
72,0.00,0.00000,0.00000,0.00000,0.00000,0.0000,0,0,0,0.05,0.5,1.5,16385,200,14,14,0.3,1.5,1,0,50,0,0.8,1,6,1,1,0,50,1,1,0,19,0,1,0,0,abtg_news.csv,3,60,30,0,,EMA200,0,20,771501,0,1
120,0.00,0.00000,0.00000,0.00000,0.00000,0.0000,0,0,0,0.05,0.2,2.0,16385,200,14,14,0.3,1.5,1,0,50,0,0.8,1,6,1,1,0,50,1,1,0,19,0,1,0,0,abtg_news.csv,3,60,30,0,,EMA200,0,20,771501,0,1
0,0.00,0.00000,0.00000,0.00000,0.00000,0.0000,0,0,0,0.05,0.2,1.5,16385,200,14,14,0.3,1.5,1,0,50,0,0.8,1,6,1,1,0,50,1,1,0,19,0,1,0,0,abtg_news.csv,3,60,30,0,,EMA200,0,20,771501,0,1
24,0.00,0.00000,0.00000,0.00000,0.00000,0.0000,0,0,0,0.05,0.3,1.5,16385,200,14,14,0.3,1.5,1,0,50,0,0.8,1,6,1,1,0,50,1,1,0,19,0,1,0,0,abtg_news.csv,3,60,30,0,,EMA200,0,20,771501,0,1
64,0.00,0.00000,0.00000,0.00000,0.00000,0.0000,0,0,0,0.25,0.4,1.5,16385,200,14,14,0.3,1.5,1,0,50,0,0.8,1,6,1,1,0,50,1,1,0,19,0,1,0,0,abtg_news.csv,3,60,30,0,,EMA200,0,20,771501,0,1
240,0.00,0.00000,0.00000,0.00000,0.00000,0.0000,0,0,0,0.05,0.2,2.5,16385,200,14,14,0.3,1.5,1,0,50,0,0.8,1,6,1,1,0,50,1,1,0,19,0,1,0,0,abtg_news.csv,3,60,30,0,,EMA200,0,20,771501,0,1
432,0.00,0.00000,0.00000,0.00000,0.00000,0.0000,0,0,0,0.05,0.5,3.0,16385,200,14,14,0.3,1.5,1,0,50,0,0.8,1,6,1,1,0,50,1,1,0,19,0,1,0,0,abtg_news.csv,3,60,30,0,,EMA200,0,20,771501,0,1
132,0.00,0.00000,0.00000,0.00000,0.00000,0.0000,0,0,0,0.20,0.2,2.0,16385,200,14,14,0.3,1.5,1,0,50,0,0.8,1,6,1,1,0,50,1,1,0,19,0,1,0,0,abtg_news.csv,3,60,30,0,,EMA200,0,20,771501,0,1
312,0.00,0.00000,0.00000,0.00000,0.00000,0.0000,0,0,0,0.05,0.5,2.5,16385,200,14,14,0.3,1.5,1,0,50,0,0.8,1,6,1,1,0,50,1,1,0,19,0,1,0,0,abtg_news.csv,3,60,30,0,,EMA200,0,20,771501,0,1
336,0.00,0.00000,0.00000,0.00000,0.00000,0.0000,0,0,0,0.05,0.6,2.5,16385,200,14,14,0.3,1.5,1,0,50,0,0.8,1,6,1,1,0,50,1,1,0,19,0,1,0,0,abtg_news.csv,3,60,30,0,,EMA200,0,20,771501,0,1
264,0.00,0.00000,0.00000,0.00000,0.00000,0.0000,0,0,0,0.05,0.3,2.5,16385,200,14,14,0.3,1.5,1,0,50,0,0.8,1,6,1,1,0,50,1,1,0,19,0,1,0,0,abtg_news.csv,3,60,30,0,,EMA200,0,20,771501,0,1
108,0.00,0.00000,0.00000,0.00000,0.00000,0.0000,0,0,0,0.20,0.6,1.5,16385,200,14,14,0.3,1.5,1,0,50,0,0.8,1,6,1,1,0,50,1,1,0,19,0,1,0,0,abtg_news.csv,3,60,30,0,,EMA200,0,20,771501,0,1
304,0.00,0.00000,0.00000,0.00000,0.00000,0.0000,0,0,0,0.25,0.4,2.5,16385,200,14,14,0.3,1.5,1,0,50,0,0.8,1,6,1,1,0,50,1,1,0,19,0,1,0,0,abtg_news.csv,3,60,30,0,,EMA200,0,20,771501,0,1
384,0.00,0.00000,0.00000,0.00000,0.00000,0.0000,0,0,0,0.05,0.3,3.0,16385,200,14,14,0.3,1.5,1,0,50,0,0.8,1,6,1,1,0,50,1,1,0,19,0,1,0,0,abtg_news.csv,3,60,30,0,,EMA200,0,20,771501,0,1
216,0.00,0.00000,0.00000,0.00000,0.00000,0.0000,0,0,0,0.05,0.6,2.0,16385,200,14,14,0.3,1.5,1,0,50,0,0.8,1,6,1,1,0,50,1,1,0,19,0,1,0,0,abtg_news.csv,3,60,30,0,,EMA200,0,20,771501,0,1
204,0.00,0.00000,0.00000,0.00000,0.00000,0.0000,0,0,0,0.20,0.5,2.0,16385,200,14,14,0.3,1.5,1,0,50,0,0.8,1,6,1,1,0,50,1,1,0,19,0,1,0,0,abtg_news.csv,3,60,30,0,,EMA200,0,20,771501,0,1
36,0.00,0.00000,0.00000,0.00000,0.00000,0.0000,0,0,0,0.20,0.3,1.5,16385,200,14,14,0.3,1.5,1,0,50,0,0.8,1,6,1,1,0,50,1,1,0,19,0,1,0,0,abtg_news.csv,3,60,30,0,,EMA200,0,20,771501,0,1
276,0.00,0.00000,0.00000,0.00000,0.00000,0.0000,0,0,0,0.20,0.3,2.5,16385,200,14,14,0.3,1.5,1,0,50,0,0.8,1,6,1,1,0,50,1,1,0,19,0,1,0,0,abtg_news.csv,3,60,30,0,,EMA200,0,20,771501,0,1
400,0.00,0.00000,0.00000,0.00000,0.00000,0.0000,0,0,0,0.25,0.3,3.0,16385,200,14,14,0.3,1.5,1,0,50,0,0.8,1,6,1,1,0,50,1,1,0,19,0,1,0,0,abtg_news.csv,3,60,30,0,,EMA200,0,20,771501,0,1
288,0.00,0.00000,0.00000,0.00000,0.00000,0.0000,0,0,0,0.05,0.4,2.5,16385,200,14,14,0.3,1.5,1,0,50,0,0.8,1,6,1,1,0,50,1,1,0,19,0,1,0,0,abtg_news.csv,3,60,30,0,,EMA200,0,20,771501,0,1
468,0.00,0.00000,0.00000,0.00000,0.00000,0.0000,0,0,0,0.20,0.6,3.0,16385,200,14,14,0.3,1.5,1,0,50,0,0.8,1,6,1,1,0,50,1,1,0,19,0,1,0,0,abtg_news.csv,3,60,30,0,,EMA200,0,20,771501,0,1
48,0.00,0.00000,0.00000,0.00000,0.00000,0.0000,0,0,0,0.05,0.4,1.5,16385,200,14,14,0.3,1.5,1,0,50,0,0.8,1,6,1,1,0,50,1,1,0,19,0,1,0,0,abtg_news.csv,3,60,30,0,,EMA200,0,20,771501,0,1
