Pass,Profit,Expected Payoff,Profit Factor,Recovery Factor,Sharpe Ratio,Equity DD %,Trades,InpAdxMin,InpAllowLong,InpAllowShort,InpAtrSLmult,InpTP_R,InpTimeframe,InpEmaFast,InpEmaMid,InpEmaSlow,InpEmaSlopeBars,InpRequireAlignment,InpCrossLookback,InpHACount,InpHAWickRatio,InpHABodyFactor,InpAdxPeriod,InpAdxRising,InpRequireDI,InpMaxDistATR,InpMinRR,InpEntryMode,InpPullbackRef,InpPendingExpiryBars,InpSLMode,InpSwingLookback,InpAtrPeriod,InpSLBufferPts,InpPartialR,InpPartialPct,InpBreakeven,InpTrailMode,InpTrailAtrMult,InpExitOnCross,InpExitOnHAflip,InpRiskPercent,InpMaxTradesPerDay,InpStopAfterLosses,InpUseNewsFilter,InpNewsFile,InpNewsMinImpact,InpNewsBeforeMin,InpNewsAfterMin,InpNewsShiftMinutes,InpNewsCurrencies,InpComment,InpMagic,InpMaxSpread,InpVerbose
209,0.00,0.00000,0.00000,0.00000,0.00000,0.0000,0,20,0,0,1.5,3.0,16385,9,21,50,3,1,8,3,0.3,0.6,14,1,1,1.5,1,0,0,3,0,10,14,0,1,50,1,0,2,1,0,1,2,2,0,abtg_news.csv,3,30,30,0,USD,GOLDENCROSS,770301,0,1
98,0.00,0.00000,0.00000,0.00000,0.00000,0.0000,0,25,0,0,2.0,2.0,16385,9,21,50,3,1,8,3,0.3,0.6,14,1,1,1.5,1,0,0,3,0,10,14,0,1,50,1,0,2,1,0,1,2,2,0,abtg_news.csv,3,30,30,0,USD,GOLDENCROSS,770301,0,1
193,0.00,0.00000,0.00000,0.00000,0.00000,0.0000,0,20,0,0,1.0,3.0,16385,9,21,50,3,1,8,3,0.3,0.6,14,1,1,1.5,1,0,0,3,0,10,14,0,1,50,1,0,2,1,0,1,2,2,0,abtg_news.csv,3,30,30,0,USD,GOLDENCROSS,770301,0,1
178,0.00,0.00000,0.00000,0.00000,0.00000,0.0000,0,25,0,0,2.5,2.5,16385,9,21,50,3,1,8,3,0.3,0.6,14,1,1,1.5,1,0,0,3,0,10,14,0,1,50,1,0,2,1,0,1,2,2,0,abtg_news.csv,3,30,30,0,USD,GOLDENCROSS,770301,0,1
30,-980.00,-20.00000,0.30084,-0.75675,-5.00000,12.9430,49,25,1,1,1.5,1.5,16385,9,21,50,3,1,8,3,0.3,0.6,14,1,1,1.5,1,0,0,3,0,10,14,0,1,50,1,0,2,1,0,1,2,2,0,abtg_news.csv,3,30,30,0,USD,GOLDENCROSS,770301,0,1
236,-1912.40,-28.54328,0.19284,-0.90317,-5.00000,21.1627,67,15,1,1,2.0,3.0,16385,9,21,50,3,1,8,3,0.3,0.6,14,1,1,1.5,1,0,0,3,0,10,14,0,1,50,1,0,2,1,0,1,2,2,0,abtg_news.csv,3,30,30,0,USD,GOLDENCROSS,770301,0,1
248,-976.36,-31.49548,0.23506,-0.90354,-5.00000,10.7839,31,15,0,1,2.5,3.0,16385,9,21,50,3,1,8,3,0.3,0.6,14,1,1,1.5,1,0,0,3,0,10,14,0,1,50,1,0,2,1,0,1,2,2,0,abtg_news.csv,3,30,30,0,USD,GOLDENCROSS,770301,0,1
47,-667.36,-19.62824,0.33168,-0.70656,-5.00000,9.4400,34,30,1,1,2.0,1.5,16385,9,21,50,3,1,8,3,0.3,0.6,14,1,1,1.5,1,0,0,3,0,10,14,0,1,50,1,0,2,1,0,1,2,2,0,abtg_news.csv,3,30,30,0,USD,GOLDENCROSS,770301,0,1
28,-1891.40,-27.41159,0.20110,-0.89642,-5.00000,21.0879,69,15,1,1,1.5,1.5,16385,9,21,50,3,1,8,3,0.3,0.6,14,1,1,1.5,1,0,0,3,0,10,14,0,1,50,1,0,2,1,0,1,2,2,0,abtg_news.csv,3,30,30,0,USD,GOLDENCROSS,770301,0,1
109,-1482.69,-24.30639,0.25779,-0.78303,-5.00000,18.9248,61,20,1,1,2.0,2.0,16385,9,21,50,3,1,8,3,0.3,0.6,14,1,1,1.5,1,0,0,3,0,10,14,0,1,50,1,0,2,1,0,1,2,2,0,abtg_news.csv,3,30,30,0,USD,GOLDENCROSS,770301,0,1
102,-547.38,-21.05308,0.28865,-0.76373,-5.00000,7.1633,26,25,1,0,2.0,2.0,16385,9,21,50,3,1,8,3,0.3,0.6,14,1,1,1.5,1,0,0,3,0,10,14,0,1,50,1,0,2,1,0,1,2,2,0,abtg_news.csv,3,30,30,0,USD,GOLDENCROSS,770301,0,1
124,-1904.33,-29.29738,0.19784,-0.89936,-5.00000,21.1627,65,15,1,1,2.5,2.0,16385,9,21,50,3,1,8,3,0.3,0.6,14,1,1,1.5,1,0,0,3,0,10,14,0,1,50,1,0,2,1,0,1,2,2,0,abtg_news.csv,3,30,30,0,USD,GOLDENCROSS,770301,0,1
242,0.00,0.00000,0.00000,0.00000,0.00000,0.0000,0,25,0,0,2.5,3.0,16385,9,21,50,3,1,8,3,0.3,0.6,14,1,1,1.5,1,0,0,3,0,10,14,0,1,50,1,0,2,1,0,1,2,2,0,abtg_news.csv,3,30,30,0,USD,GOLDENCROSS,770301,0,1
6,-578.61,-22.25423,0.24807,-0.80730,-5.00000,7.1633,26,25,1,0,1.0,1.5,16385,9,21,50,3,1,8,3,0.3,0.6,14,1,1,1.5,1,0,0,3,0,10,14,0,1,50,1,0,2,1,0,1,2,2,0,abtg_news.csv,3,30,30,0,USD,GOLDENCROSS,770301,0,1
164,-1022.47,-28.40194,0.17349,-0.86481,-5.00000,11.8165,36,15,1,0,2.0,2.5,16385,9,21,50,3,1,8,3,0.3,0.6,14,1,1,1.5,1,0,0,3,0,10,14,0,1,50,1,0,2,1,0,1,2,2,0,abtg_news.csv,3,30,30,0,USD,GOLDENCROSS,770301,0,1
57,-780.77,-27.88464,0.24344,-0.78103,-5.00000,9.9763,28,20,0,1,2.5,1.5,16385,9,21,50,3,1,8,3,0.3,0.6,14,1,1,1.5,1,0,0,3,0,10,14,0,1,50,1,0,2,1,0,1,2,2,0,abtg_news.csv,3,30,30,0,USD,GOLDENCROSS,770301,0,1
49,0.00,0.00000,0.00000,0.00000,0.00000,0.0000,0,20,0,0,2.5,1.5,16385,9,21,50,3,1,8,3,0.3,0.6,14,1,1,1.5,1,0,0,3,0,10,14,0,1,50,1,0,2,1,0,1,2,2,0,abtg_news.csv,3,30,30,0,USD,GOLDENCROSS,770301,0,1
157,-1518.61,-24.10492,0.23913,-0.80519,-5.00000,18.8500,63,20,1,1,1.5,2.5,16385,9,21,50,3,1,8,3,0.3,0.6,14,1,1,1.5,1,0,0,3,0,10,14,0,1,50,1,0,2,1,0,1,2,2,0,abtg_news.csv,3,30,30,0,USD,GOLDENCROSS,770301,0,1
185,-743.56,-26.55571,0.27950,-0.74381,-5.00000,9.9763,28,20,0,1,2.5,2.5,16385,9,21,50,3,1,8,3,0.3,0.6,14,1,1,1.5,1,0,0,3,0,10,14,0,1,50,1,0,2,1,0,1,2,2,0,abtg_news.csv,3,30,30,0,USD,GOLDENCROSS,770301,0,1
83,0.00,0.00000,0.00000,0.00000,0.00000,0.0000,0,30,0,0,1.5,2.0,16385,9,21,50,3,1,8,3,0.3,0.6,14,1,1,1.5,1,0,0,3,0,10,14,0,1,50,1,0,2,1,0,1,2,2,0,abtg_news.csv,3,30,30,0,USD,GOLDENCROSS,770301,0,1
120,-987.31,-31.84871,0.22648,-0.91368,-5.00000,10.7839,31,15,0,1,2.5,2.0,16385,9,21,50,3,1,8,3,0.3,0.6,14,1,1,1.5,1,0,0,3,0,10,14,0,1,50,1,0,2,1,0,1,2,2,0,abtg_news.csv,3,30,30,0,USD,GOLDENCROSS,770301,0,1
35,0.00,0.00000,0.00000,0.00000,0.00000,0.0000,0,30,0,0,2.0,1.5,16385,9,21,50,3,1,8,3,0.3,0.6,14,1,1,1.5,1,0,0,3,0,10,14,0,1,50,1,0,2,1,0,1,2,2,0,abtg_news.csv,3,30,30,0,USD,GOLDENCROSS,770301,0,1
93,-1473.74,-23.39270,0.26161,-0.78140,-5.00000,18.8500,63,20,1,1,1.5,2.0,16385,9,21,50,3,1,8,3,0.3,0.6,14,1,1,1.5,1,0,0,3,0,10,14,0,1,50,1,0,2,1,0,1,2,2,0,abtg_news.csv,3,30,30,0,USD,GOLDENCROSS,770301,0,1
251,-286.93,-16.87824,0.48003,-0.59644,-4.30181,4.8107,17,30,0,1,2.5,3.0,16385,9,21,50,3,1,8,3,0.3,0.6,14,1,1,1.5,1,0,0,3,0,10,14,0,1,50,1,0,2,1,0,1,2,2,0,abtg_news.csv,3,30,30,0,USD,GOLDENCROSS,770301,0,1
196,-1031.68,-28.65778,0.16604,-0.87260,-5.00000,11.8165,36,15,1,0,1.0,3.0,16385,9,21,50,3,1,8,3,0.3,0.6,14,1,1,1.5,1,0,0,3,0,10,14,0,1,50,1,0,2,1,0,1,2,2,0,abtg_news.csv,3,30,30,0,USD,GOLDENCROSS,770301,0,1
221,-1507.03,-23.92111,0.24493,-0.79905,-5.00000,18.8500,63,20,1,1,1.5,3.0,16385,9,21,50,3,1,8,3,0.3,0.6,14,1,1,1.5,1,0,0,3,0,10,14,0,1,50,1,0,2,1,0,1,2,2,0,abtg_news.csv,3,30,30,0,USD,GOLDENCROSS,770301,0,1
32,0.00,0.00000,0.00000,0.00000,0.00000,0.0000,0,15,0,0,2.0,1.5,16385,9,21,50,3,1,8,3,0.3,0.6,14,1,1,1.5,1,0,0,3,0,10,14,0,1,50,1,0,2,1,0,1,2,2,0,abtg_news.csv,3,30,30,0,USD,GOLDENCROSS,770301,0,1
180,-1043.41,-30.68853,0.15998,-0.88253,-5.00000,11.8165,34,15,1,0,2.5,2.5,16385,9,21,50,3,1,8,3,0.3,0.6,14,1,1,1.5,1,0,0,3,0,10,14,0,1,50,1,0,2,1,0,1,2,2,0,abtg_news.csv,3,30,30,0,USD,GOLDENCROSS,770301,0,1
9,-769.14,-25.63800,0.25341,-0.76959,-5.00000,9.9671,30,20,0,1,1.0,1.5,16385,9,21,50,3,1,8,3,0.3,0.6,14,1,1,1.5,1,0,0,3,0,10,14,0,1,50,1,0,2,1,0,1,2,2,0,abtg_news.csv,3,30,30,0,USD,GOLDENCROSS,770301,0,1
7,-396.79,-23.34059,0.24394,-0.73725,-5.00000,5.3791,17,30,1,0,1.0,1.5,16385,9,21,50,3,1,8,3,0.3,0.6,14,1,1,1.5,1,0,0,3,0,10,14,0,1,50,1,0,2,1,0,1,2,2,0,abtg_news.csv,3,30,30,0,USD,GOLDENCROSS,770301,0,1
217,-719.80,-23.99333,0.30131,-0.72022,-5.00000,9.9665,30,20,0,1,1.5,3.0,16385,9,21,50,3,1,8,3,0.3,0.6,14,1,1,1.5,1,0,0,3,0,10,14,0,1,50,1,0,2,1,0,1,2,2,0,abtg_news.csv,3,30,30,0,USD,GOLDENCROSS,770301,0,1
135,-419.01,-24.64765,0.20160,-0.77854,-5.00000,5.3791,17,30,1,0,1.0,2.5,16385,9,21,50,3,1,8,3,0.3,0.6,14,1,1,1.5,1,0,0,3,0,10,14,0,1,50,1,0,2,1,0,1,2,2,0,abtg_news.csv,3,30,30,0,USD,GOLDENCROSS,770301,0,1
140,-1916.81,-27.77986,0.19037,-0.90823,-5.00000,21.0934,69,15,1,1,1.0,2.5,16385,9,21,50,3,1,8,3,0.3,0.6,14,1,1,1.5,1,0,0,3,0,10,14,0,1,50,1,0,2,1,0,1,2,2,0,abtg_news.csv,3,30,30,0,USD,GOLDENCROSS,770301,0,1
142,-967.43,-19.74347,0.30981,-0.74704,-5.00000,12.9430,49,25,1,1,1.0,2.5,16385,9,21,50,3,1,8,3,0.3,0.6,14,1,1,1.5,1,0,0,3,0,10,14,0,1,50,1,0,2,1,0,1,2,2,0,abtg_news.csv,3,30,30,0,USD,GOLDENCROSS,770301,0,1
90,-393.89,-17.12565,0.44004,-0.60322,-5.00000,6.5179,23,25,0,1,1.5,2.0,16385,9,21,50,3,1,8,3,0.3,0.6,14,1,1,1.5,1,0,0,3,0,10,14,0,1,50,1,0,2,1,0,1,2,2,0,abtg_news.csv,3,30,30,0,USD,GOLDENCROSS,770301,0,1
255,-651.18,-19.73273,0.35072,-0.68943,-5.00000,9.4400,33,30,1,1,2.5,3.0,16385,9,21,50,3,1,8,3,0.3,0.6,14,1,1,1.5,1,0,0,3,0,10,14,0,1,50,1,0,2,1,0,1,2,2,0,abtg_news.csv,3,30,30,0,USD,GOLDENCROSS,770301,0,1
64,0.00,0.00000,0.00000,0.00000,0.00000,0.0000,0,15,0,0,1.0,2.0,16385,9,21,50,3,1,8,3,0.3,0.6,14,1,1,1.5,1,0,0,3,0,10,14,0,1,50,1,0,2,1,0,1,2,2,0,abtg_news.csv,3,30,30,0,USD,GOLDENCROSS,770301,0,1
94,-920.07,-18.77694,0.34356,-0.71051,-5.00000,12.9423,49,25,1,1,1.5,2.0,16385,9,21,50,3,1,8,3,0.3,0.6,14,1,1,1.5,1,0,0,3,0,10,14,0,1,50,1,0,2,1,0,1,2,2,0,abtg_news.csv,3,30,30,0,USD,GOLDENCROSS,770301,0,1
128,0.00,0.00000,0.00000,0.00000,0.00000,0.0000,0,15,0,0,1.0,2.5,16385,9,21,50,3,1,8,3,0.3,0.6,14,1,1,1.5,1,0,0,3,0,10,14,0,1,50,1,0,2,1,0,1,2,2,0,abtg_news.csv,3,30,30,0,USD,GOLDENCROSS,770301,0,1
21,-798.99,-24.21182,0.25597,-0.77410,-5.00000,10.3159,33,20,1,0,1.5,1.5,16385,9,21,50,3,1,8,3,0.3,0.6,14,1,1,1.5,1,0,0,3,0,10,14,0,1,50,1,0,2,1,0,1,2,2,0,abtg_news.csv,3,30,30,0,USD,GOLDENCROSS,770301,0,1
33,0.00,0.00000,0.00000,0.00000,0.00000,0.0000,0,20,0,0,2.0,1.5,16385,9,21,50,3,1,8,3,0.3,0.6,14,1,1,1.5,1,0,0,3,0,10,14,0,1,50,1,0,2,1,0,1,2,2,0,abtg_news.csv,3,30,30,0,USD,GOLDENCROSS,770301,0,1
212,-1029.26,-28.59056,0.16800,-0.87056,-5.00000,11.8165,36,15,1,0,1.5,3.0,16385,9,21,50,3,1,8,3,0.3,0.6,14,1,1,1.5,1,0,0,3,0,10,14,0,1,50,1,0,2,1,0,1,2,2,0,abtg_news.csv,3,30,30,0,USD,GOLDENCROSS,770301,0,1
208,0.00,0.00000,0.00000,0.00000,0.00000,0.0000,0,15,0,0,1.5,3.0,16385,9,21,50,3,1,8,3,0.3,0.6,14,1,1,1.5,1,0,0,3,0,10,14,0,1,50,1,0,2,1,0,1,2,2,0,abtg_news.csv,3,30,30,0,USD,GOLDENCROSS,770301,0,1
215,-416.59,-24.50529,0.20621,-0.77404,-5.00000,5.3791,17,30,1,0,1.5,3.0,16385,9,21,50,3,1,8,3,0.3,0.6,14,1,1,1.5,1,0,0,3,0,10,14,0,1,50,1,0,2,1,0,1,2,2,0,abtg_news.csv,3,30,30,0,USD,GOLDENCROSS,770301,0,1
122,-398.58,-18.11727,0.43338,-0.61040,-5.00000,6.5179,22,25,0,1,2.5,2.0,16385,9,21,50,3,1,8,3,0.3,0.6,14,1,1,1.5,1,0,0,3,0,10,14,0,1,50,1,0,2,1,0,1,2,2,0,abtg_news.csv,3,30,30,0,USD,GOLDENCROSS,770301,0,1
103,-369.76,-21.75059,0.29544,-0.68703,-5.00000,5.3791,17,30,1,0,2.0,2.0,16385,9,21,50,3,1,8,3,0.3,0.6,14,1,1,1.5,1,0,0,3,0,10,14,0,1,50,1,0,2,1,0,1,2,2,0,abtg_news.csv,3,30,30,0,USD,GOLDENCROSS,770301,0,1
48,0.00,0.00000,0.00000,0.00000,0.00000,0.0000,0,15,0,0,2.5,1.5,16385,9,21,50,3,1,8,3,0.3,0.6,14,1,1,1.5,1,0,0,3,0,10,14,0,1,50,1,0,2,1,0,1,2,2,0,abtg_news.csv,3,30,30,0,USD,GOLDENCROSS,770301,0,1
233,-735.54,-26.26929,0.28727,-0.73578,-5.00000,9.9763,28,20,0,1,2.0,3.0,16385,9,21,50,3,1,8,3,0.3,0.6,14,1,1,1.5,1,0,0,3,0,10,14,0,1,50,1,0,2,1,0,1,2,2,0,abtg_news.csv,3,30,30,0,USD,GOLDENCROSS,770301,0,1
203,-278.68,-15.48222,0.49498,-0.57929,-4.62883,4.8107,18,30,0,1,1.0,3.0,16385,9,21,50,3,1,8,3,0.3,0.6,14,1,1,1.5,1,0,0,3,0,10,14,0,1,50,1,0,2,1,0,1,2,2,0,abtg_news.csv,3,30,30,0,USD,GOLDENCROSS,770301,0,1
91,-289.63,-16.09056,0.47514,-0.60205,-5.00000,4.8107,18,30,0,1,1.5,2.0,16385,9,21,50,3,1,8,3,0.3,0.6,14,1,1,1.5,1,0,0,3,0,10,14,0,1,50,1,0,2,1,0,1,2,2,0,abtg_news.csv,3,30,30,0,USD,GOLDENCROSS,770301,0,1
138,-394.52,-17.15304,0.43915,-0.60418,-5.00000,6.5179,23,25,0,1,1.0,2.5,16385,9,21,50,3,1,8,3,0.3,0.6,14,1,1,1.5,1,0,0,3,0,10,14,0,1,50,1,0,2,1,0,1,2,2,0,abtg_news.csv,3,30,30,0,USD,GOLDENCROSS,770301,0,1
241,0.00,0.00000,0.00000,0.00000,0.00000,0.0000,0,20,0,0,2.5,3.0,16385,9,21,50,3,1,8,3,0.3,0.6,14,1,1,1.5,1,0,0,3,0,10,14,0,1,50,1,0,2,1,0,1,2,2,0,abtg_news.csv,3,30,30,0,USD,GOLDENCROSS,770301,0,1
52,-975.77,-28.69912,0.21406,-0.82573,-5.00000,11.8106,34,15,1,0,2.5,1.5,16385,9,21,50,3,1,8,3,0.3,0.6,14,1,1,1.5,1,0,0,3,0,10,14,0,1,50,1,0,2,1,0,1,2,2,0,abtg_news.csv,3,30,30,0,USD,GOLDENCROSS,770301,0,1
79,-604.26,-17.26457,0.39487,-0.63975,-5.00000,9.4400,35,30,1,1,1.0,2.0,16385,9,21,50,3,1,8,3,0.3,0.6,14,1,1,1.5,1,0,0,3,0,10,14,0,1,50,1,0,2,1,0,1,2,2,0,abtg_news.csv,3,30,30,0,USD,GOLDENCROSS,770301,0,1
121,-742.93,-26.53321,0.28011,-0.74318,-5.00000,9.9763,28,20,0,1,2.5,2.0,16385,9,21,50,3,1,8,3,0.3,0.6,14,1,1,1.5,1,0,0,3,0,10,14,0,1,50,1,0,2,1,0,1,2,2,0,abtg_news.csv,3,30,30,0,USD,GOLDENCROSS,770301,0,1
13,-1491.74,-23.67841,0.25259,-0.79071,-5.00000,18.8555,63,20,1,1,1.0,1.5,16385,9,21,50,3,1,8,3,0.3,0.6,14,1,1,1.5,1,0,0,3,0,10,14,0,1,50,1,0,2,1,0,1,2,2,0,abtg_news.csv,3,30,30,0,USD,GOLDENCROSS,770301,0,1
195,0.00,0.00000,0.00000,0.00000,0.00000,0.0000,0,30,0,0,1.0,3.0,16385,9,21,50,3,1,8,3,0.3,0.6,14,1,1,1.5,1,0,0,3,0,10,14,0,1,50,1,0,2,1,0,1,2,2,0,abtg_news.csv,3,30,30,0,USD,GOLDENCROSS,770301,0,1
104,-990.87,-31.96355,0.22369,-0.91697,-5.00000,10.7839,31,15,0,1,2.0,2.0,16385,9,21,50,3,1,8,3,0.3,0.6,14,1,1,1.5,1,0,0,3,0,10,14,0,1,50,1,0,2,1,0,1,2,2,0,abtg_news.csv,3,30,30,0,USD,GOLDENCROSS,770301,0,1
77,-1476.71,-23.43984,0.26012,-0.78274,-5.00000,18.8555,63,20,1,1,1.0,2.0,16385,9,21,50,3,1,8,3,0.3,0.6,14,1,1,1.5,1,0,0,3,0,10,14,0,1,50,1,0,2,1,0,1,2,2,0,abtg_news.csv,3,30,30,0,USD,GOLDENCROSS,770301,0,1
100,-977.64,-27.15667,0.20935,-0.82731,-5.00000,11.8106,36,15,1,0,2.0,2.0,16385,9,21,50,3,1,8,3,0.3,0.6,14,1,1,1.5,1,0,0,3,0,10,14,0,1,50,1,0,2,1,0,1,2,2,0,abtg_news.csv,3,30,30,0,USD,GOLDENCROSS,770301,0,1
81,0.00,0.00000,0.00000,0.00000,0.00000,0.0000,0,20,0,0,1.5,2.0,16385,9,21,50,3,1,8,3,0.3,0.6,14,1,1,1.5,1,0,0,3,0,10,14,0,1,50,1,0,2,1,0,1,2,2,0,abtg_news.csv,3,30,30,0,USD,GOLDENCROSS,770301,0,1
29,-1488.77,-23.63127,0.25408,-0.78937,-5.00000,18.8500,63,20,1,1,1.5,1.5,16385,9,21,50,3,1,8,3,0.3,0.6,14,1,1,1.5,1,0,0,3,0,10,14,0,1,50,1,0,2,1,0,1,2,2,0,abtg_news.csv,3,30,30,0,USD,GOLDENCROSS,770301,0,1
42,-439.98,-19.99909,0.37452,-0.67380,-5.00000,6.5179,22,25,0,1,2.0,1.5,16385,9,21,50,3,1,8,3,0.3,0.6,14,1,1,1.5,1,0,0,3,0,10,14,0,1,50,1,0,2,1,0,1,2,2,0,abtg_news.csv,3,30,30,0,USD,GOLDENCROSS,770301,0,1
40,-1017.76,-32.83097,0.19572,-0.92341,-5.00000,10.9992,31,15,0,1,2.0,1.5,16385,9,21,50,3,1,8,3,0.3,0.6,14,1,1,1.5,1,0,0,3,0,10,14,0,1,50,1,0,2,1,0,1,2,2,0,abtg_news.csv,3,30,30,0,USD,GOLDENCROSS,770301,0,1
53,-813.14,-26.23032,0.24633,-0.78781,-5.00000,10.3159,31,20,1,0,2.5,1.5,16385,9,21,50,3,1,8,3,0.3,0.6,14,1,1,1.5,1,0,0,3,0,10,14,0,1,50,1,0,2,1,0,1,2,2,0,abtg_news.csv,3,30,30,0,USD,GOLDENCROSS,770301,0,1
253,-1533.94,-25.99898,0.23407,-0.81010,-5.00000,18.9248,59,20,1,1,2.5,3.0,16385,9,21,50,3,1,8,3,0.3,0.6,14,1,1,1.5,1,0,0,3,0,10,14,0,1,50,1,0,2,1,0,1,2,2,0,abtg_news.csv,3,30,30,0,USD,GOLDENCROSS,770301,0,1
139,-290.26,-16.12556,0.47400,-0.60336,-5.00000,4.8107,18,30,0,1,1.0,2.5,16385,9,21,50,3,1,8,3,0.3,0.6,14,1,1,1.5,1,0,0,3,0,10,14,0,1,50,1,0,2,1,0,1,2,2,0,abtg_news.csv,3,30,30,0,USD,GOLDENCROSS,770301,0,1
183,-424.39,-26.52438,0.19799,-0.78854,-5.00000,5.3791,16,30,1,0,2.5,2.5,16385,9,21,50,3,1,8,3,0.3,0.6,14,1,1,1.5,1,0,0,3,0,10,14,0,1,50,1,0,2,1,0,1,2,2,0,abtg_news.csv,3,30,30,0,USD,GOLDENCROSS,770301,0,1
134,-600.83,-23.10885,0.21919,-0.83831,-5.00000,7.1633,26,25,1,0,1.0,2.5,16385,9,21,50,3,1,8,3,0.3,0.6,14,1,1,1.5,1,0,0,3,0,10,14,0,1,50,1,0,2,1,0,1,2,2,0,abtg_news.csv,3,30,30,0,USD,GOLDENCROSS,770301,0,1
205,-1510.00,-23.96825,0.24344,-0.80039,-5.00000,18.8555,63,20,1,1,1.0,3.0,16385,9,21,50,3,1,8,3,0.3,0.6,14,1,1,1.5,1,0,0,3,0,10,14,0,1,50,1,0,2,1,0,1,2,2,0,abtg_news.csv,3,30,30,0,USD,GOLDENCROSS,770301,0,1
92,-1883.71,-27.30014,0.20435,-0.89278,-5.00000,21.0879,69,15,1,1,1.5,2.0,16385,9,21,50,3,1,8,3,0.3,0.6,14,1,1,1.5,1,0,0,3,0,10,14,0,1,50,1,0,2,1,0,1,2,2,0,abtg_news.csv,3,30,30,0,USD,GOLDENCROSS,770301,0,1
145,0.00,0.00000,0.00000,0.00000,0.00000,0.0000,0,20,0,0,1.5,2.5,16385,9,21,50,3,1,8,3,0.3,0.6,14,1,1,1.5,1,0,0,3,0,10,14,0,1,50,1,0,2,1,0,1,2,2,0,abtg_news.csv,3,30,30,0,USD,GOLDENCROSS,770301,0,1
254,-972.26,-21.13609,0.30885,-0.75077,-5.00000,12.9430,46,25,1,1,2.5,3.0,16385,9,21,50,3,1,8,3,0.3,0.6,14,1,1,1.5,1,0,0,3,0,10,14,0,1,50,1,0,2,1,0,1,2,2,0,abtg_news.csv,3,30,30,0,USD,GOLDENCROSS,770301,0,1
51,0.00,0.00000,0.00000,0.00000,0.00000,0.0000,0,30,0,0,2.5,1.5,16385,9,21,50,3,1,8,3,0.3,0.6,14,1,1,1.5,1,0,0,3,0,10,14,0,1,50,1,0,2,1,0,1,2,2,0,abtg_news.csv,3,30,30,0,USD,GOLDENCROSS,770301,0,1
173,-1527.56,-25.04197,0.23533,-0.80673,-5.00000,18.9248,61,20,1,1,2.0,2.5,16385,9,21,50,3,1,8,3,0.3,0.6,14,1,1,1.5,1,0,0,3,0,10,14,0,1,50,1,0,2,1,0,1,2,2,0,abtg_news.csv,3,30,30,0,USD,GOLDENCROSS,770301,0,1
218,-382.94,-16.64957,0.45561,-0.58645,-5.00000,6.5179,23,25,0,1,1.5,3.0,16385,9,21,50,3,1,8,3,0.3,0.6,14,1,1,1.5,1,0,0,3,0,10,14,0,1,50,1,0,2,1,0,1,2,2,0,abtg_news.csv,3,30,30,0,USD,GOLDENCROSS,770301,0,1
179,0.00,0.00000,0.00000,0.00000,0.00000,0.0000,0,30,0,0,2.5,2.5,16385,9,21,50,3,1,8,3,0.3,0.6,14,1,1,1.5,1,0,0,3,0,10,14,0,1,50,1,0,2,1,0,1,2,2,0,abtg_news.csv,3,30,30,0,USD,GOLDENCROSS,770301,0,1
228,-1021.88,-28.38556,0.17357,-0.86475,-5.00000,11.8106,36,15,1,0,2.0,3.0,16385,9,21,50,3,1,8,3,0.3,0.6,14,1,1,1.5,1,0,0,3,0,10,14,0,1,50,1,0,2,1,0,1,2,2,0,abtg_news.csv,3,30,30,0,USD,GOLDENCROSS,770301,0,1
247,-424.39,-26.52438,0.19799,-0.78854,-5.00000,5.3791,16,30,1,0,2.5,3.0,16385,9,21,50,3,1,8,3,0.3,0.6,14,1,1,1.5,1,0,0,3,0,10,14,0,1,50,1,0,2,1,0,1,2,2,0,abtg_news.csv,3,30,30,0,USD,GOLDENCROSS,770301,0,1
239,-640.79,-18.84676,0.35829,-0.67843,-5.00000,9.4400,34,30,1,1,2.0,3.0,16385,9,21,50,3,1,8,3,0.3,0.6,14,1,1,1.5,1,0,0,3,0,10,14,0,1,50,1,0,2,1,0,1,2,2,0,abtg_news.csv,3,30,30,0,USD,GOLDENCROSS,770301,0,1
18,0.00,0.00000,0.00000,0.00000,0.00000,0.0000,0,25,0,0,1.5,1.5,16385,9,21,50,3,1,8,3,0.3,0.6,14,1,1,1.5,1,0,0,3,0,10,14,0,1,50,1,0,2,1,0,1,2,2,0,abtg_news.csv,3,30,30,0,USD,GOLDENCROSS,770301,0,1
114,0.00,0.00000,0.00000,0.00000,0.00000,0.0000,0,25,0,0,2.5,2.0,16385,9,21,50,3,1,8,3,0.3,0.6,14,1,1,1.5,1,0,0,3,0,10,14,0,1,50,1,0,2,1,0,1,2,2,0,abtg_news.csv,3,30,30,0,USD,GOLDENCROSS,770301,0,1
22,-576.19,-22.16115,0.25122,-0.80393,-5.00000,7.1633,26,25,1,0,1.5,1.5,16385,9,21,50,3,1,8,3,0.3,0.6,14,1,1,1.5,1,0,0,3,0,10,14,0,1,50,1,0,2,1,0,1,2,2,0,abtg_news.csv,3,30,30,0,USD,GOLDENCROSS,770301,0,1
189,-1559.11,-26.42559,0.22150,-0.82339,-5.00000,18.9248,59,20,1,1,2.5,2.5,16385,9,21,50,3,1,8,3,0.3,0.6,14,1,1,1.5,1,0,0,3,0,10,14,0,1,50,1,0,2,1,0,1,2,2,0,abtg_news.csv,3,30,30,0,USD,GOLDENCROSS,770301,0,1
97,0.00,0.00000,0.00000,0.00000,0.00000,0.0000,0,20,0,0,2.0,2.0,16385,9,21,50,3,1,8,3,0.3,0.6,14,1,1,1.5,1,0,0,3,0,10,14,0,1,50,1,0,2,1,0,1,2,2,0,abtg_news.csv,3,30,30,0,USD,GOLDENCROSS,770301,0,1
107,-297.88,-17.52235,0.46019,-0.61920,-5.00000,4.8107,17,30,0,1,2.0,2.0,16385,9,21,50,3,1,8,3,0.3,0.6,14,1,1,1.5,1,0,0,3,0,10,14,0,1,50,1,0,2,1,0,1,2,2,0,abtg_news.csv,3,30,30,0,USD,GOLDENCROSS,770301,0,1
59,-319.40,-18.78824,0.40355,-0.66394,-5.00000,4.8107,17,30,0,1,2.5,1.5,16385,9,21,50,3,1,8,3,0.3,0.6,14,1,1,1.5,1,0,0,3,0,10,14,0,1,50,1,0,2,1,0,1,2,2,0,abtg_news.csv,3,30,30,0,USD,GOLDENCROSS,770301,0,1
152,-975.76,-29.56848,0.23445,-0.90321,-5.00000,10.7735,33,15,0,1,1.5,2.5,16385,9,21,50,3,1,8,3,0.3,0.6,14,1,1,1.5,1,0,0,3,0,10,14,0,1,50,1,0,2,1,0,1,2,2,0,abtg_news.csv,3,30,30,0,USD,GOLDENCROSS,770301,0,1
237,-1515.98,-24.85213,0.24113,-0.80061,-5.00000,18.9248,61,20,1,1,2.0,3.0,16385,9,21,50,3,1,8,3,0.3,0.6,14,1,1,1.5,1,0,0,3,0,10,14,0,1,50,1,0,2,1,0,1,2,2,0,abtg_news.csv,3,30,30,0,USD,GOLDENCROSS,770301,0,1
85,-821.80,-24.90303,0.23473,-0.79620,-5.00000,10.3159,33,20,1,0,1.5,2.0,16385,9,21,50,3,1,8,3,0.3,0.6,14,1,1,1.5,1,0,0,3,0,10,14,0,1,50,1,0,2,1,0,1,2,2,0,abtg_news.csv,3,30,30,0,USD,GOLDENCROSS,770301,0,1
171,-298.51,-17.55941,0.45904,-0.62051,-4.71671,4.8107,17,30,0,1,2.0,2.5,16385,9,21,50,3,1,8,3,0.3,0.6,14,1,1,1.5,1,0,0,3,0,10,14,0,1,50,1,0,2,1,0,1,2,2,0,abtg_news.csv,3,30,30,0,USD,GOLDENCROSS,770301,0,1
246,-612.56,-25.52333,0.20913,-0.85467,-5.00000,7.1633,24,25,1,0,2.5,3.0,16385,9,21,50,3,1,8,3,0.3,0.6,14,1,1,1.5,1,0,0,3,0,10,14,0,1,50,1,0,2,1,0,1,2,2,0,abtg_news.csv,3,30,30,0,USD,GOLDENCROSS,770301,0,1
213,-866.04,-26.24364,0.19353,-0.83906,-5.00000,10.3159,33,20,1,0,1.5,3.0,16385,9,21,50,3,1,8,3,0.3,0.6,14,1,1,1.5,1,0,0,3,0,10,14,0,1,50,1,0,2,1,0,1,2,2,0,abtg_news.csv,3,30,30,0,USD,GOLDENCROSS,770301,0,1
117,-835.95,-26.96613,0.22519,-0.80991,-5.00000,10.3159,31,20,1,0,2.5,2.0,16385,9,21,50,3,1,8,3,0.3,0.6,14,1,1,1.5,1,0,0,3,0,10,14,0,1,50,1,0,2,1,0,1,2,2,0,abtg_news.csv,3,30,30,0,USD,GOLDENCROSS,770301,0,1
31,-661.70,-18.90571,0.33735,-0.70057,-5.00000,9.4400,35,30,1,1,1.5,1.5,16385,9,21,50,3,1,8,3,0.3,0.6,14,1,1,1.5,1,0,0,3,0,10,14,0,1,50,1,0,2,1,0,1,2,2,0,abtg_news.csv,3,30,30,0,USD,GOLDENCROSS,770301,0,1
44,-1901.54,-28.38119,0.19743,-0.89804,-5.00000,21.1627,67,15,1,1,2.0,1.5,16385,9,21,50,3,1,8,3,0.3,0.6,14,1,1,1.5,1,0,0,3,0,10,14,0,1,50,1,0,2,1,0,1,2,2,0,abtg_news.csv,3,30,30,0,USD,GOLDENCROSS,770301,0,1
101,-815.01,-24.69727,0.24105,-0.78962,-5.00000,10.3159,33,20,1,0,2.0,2.0,16385,9,21,50,3,1,8,3,0.3,0.6,14,1,1,1.5,1,0,0,3,0,10,14,0,1,50,1,0,2,1,0,1,2,2,0,abtg_news.csv,3,30,30,0,USD,GOLDENCROSS,770301,0,1
229,-859.25,-26.03788,0.19986,-0.83249,-5.00000,10.3159,33,20,1,0,2.0,3.0,16385,9,21,50,3,1,8,3,0.3,0.6,14,1,1,1.5,1,0,0,3,0,10,14,0,1,50,1,0,2,1,0,1,2,2,0,abtg_news.csv,3,30,30,0,USD,GOLDENCROSS,770301,0,1
125,-1528.98,-25.91492,0.23654,-0.80748,-5.00000,18.9248,59,20,1,1,2.5,2.0,16385,9,21,50,3,1,8,3,0.3,0.6,14,1,1,1.5,1,0,0,3,0,10,14,0,1,50,1,0,2,1,0,1,2,2,0,abtg_news.csv,3,30,30,0,USD,GOLDENCROSS,770301,0,1
15,-664.12,-18.97486,0.33493,-0.70313,-5.00000,9.4400,35,30,1,1,1.0,1.5,16385,9,21,50,3,1,8,3,0.3,0.6,14,1,1,1.5,1,0,0,3,0,10,14,0,1,50,1,0,2,1,0,1,2,2,0,abtg_news.csv,3,30,30,0,USD,GOLDENCROSS,770301,0,1
23,-394.37,-23.19824,0.24855,-0.73276,-5.00000,5.3791,17,30,1,0,1.5,1.5,16385,9,21,50,3,1,8,3,0.3,0.6,14,1,1,1.5,1,0,0,3,0,10,14,0,1,50,1,0,2,1,0,1,2,2,0,abtg_news.csv,3,30,30,0,USD,GOLDENCROSS,770301,0,1
182,-612.56,-25.52333,0.20913,-0.85467,-5.00000,7.1633,24,25,1,0,2.5,2.5,16385,9,21,50,3,1,8,3,0.3,0.6,14,1,1,1.5,1,0,0,3,0,10,14,0,1,50,1,0,2,1,0,1,2,2,0,abtg_news.csv,3,30,30,0,USD,GOLDENCROSS,770301,0,1
112,0.00,0.00000,0.00000,0.00000,0.00000,0.0000,0,15,0,0,2.5,2.0,16385,9,21,50,3,1,8,3,0.3,0.6,14,1,1,1.5,1,0,0,3,0,10,14,0,1,50,1,0,2,1,0,1,2,2,0,abtg_news.csv,3,30,30,0,USD,GOLDENCROSS,770301,0,1
55,-402.17,-25.13563,0.23998,-0.74725,-5.00000,5.3791,16,30,1,0,2.5,1.5,16385,9,21,50,3,1,8,3,0.3,0.6,14,1,1,1.5,1,0,0,3,0,10,14,0,1,50,1,0,2,1,0,1,2,2,0,abtg_news.csv,3,30,30,0,USD,GOLDENCROSS,770301,0,1
168,-991.50,-31.98387,0.22319,-0.91755,-5.00000,10.7839,31,15,0,1,2.0,2.5,16385,9,21,50,3,1,8,3,0.3,0.6,14,1,1,1.5,1,0,0,3,0,10,14,0,1,50,1,0,2,1,0,1,2,2,0,abtg_news.csv,3,30,30,0,USD,GOLDENCROSS,770301,0,1
0,0.00,0.00000,0.00000,0.00000,0.00000,0.0000,0,15,0,0,1.0,1.5,16385,9,21,50,3,1,8,3,0.3,0.6,14,1,1,1.5,1,0,0,3,0,10,14,0,1,50,1,0,2,1,0,1,2,2,0,abtg_news.csv,3,30,30,0,USD,GOLDENCROSS,770301,0,1
8,-1002.57,-30.38091,0.20660,-0.91389,-5.00000,10.9407,33,15,0,1,1.0,1.5,16385,9,21,50,3,1,8,3,0.3,0.6,14,1,1,1.5,1,0,0,3,0,10,14,0,1,50,1,0,2,1,0,1,2,2,0,abtg_news.csv,3,30,30,0,USD,GOLDENCROSS,770301,0,1
4,-964.63,-26.79528,0.22024,-0.81589,-5.00000,11.8165,36,15,1,0,1.0,1.5,16385,9,21,50,3,1,8,3,0.3,0.6,14,1,1,1.5,1,0,0,3,0,10,14,0,1,50,1,0,2,1,0,1,2,2,0,abtg_news.csv,3,30,30,0,USD,GOLDENCROSS,770301,0,1
240,0.00,0.00000,0.00000,0.00000,0.00000,0.0000,0,15,0,0,2.5,3.0,16385,9,21,50,3,1,8,3,0.3,0.6,14,1,1,1.5,1,0,0,3,0,10,14,0,1,50,1,0,2,1,0,1,2,2,0,abtg_news.csv,3,30,30,0,USD,GOLDENCROSS,770301,0,1
243,0.00,0.00000,0.00000,0.00000,0.00000,0.0000,0,30,0,0,2.5,3.0,16385,9,21,50,3,1,8,3,0.3,0.6,14,1,1,1.5,1,0,0,3,0,10,14,0,1,50,1,0,2,1,0,1,2,2,0,abtg_news.csv,3,30,30,0,USD,GOLDENCROSS,770301,0,1
24,-1002.02,-30.36424,0.20704,-0.91339,-5.00000,10.9401,33,15,0,1,1.5,1.5,16385,9,21,50,3,1,8,3,0.3,0.6,14,1,1,1.5,1,0,0,3,0,10,14,0,1,50,1,0,2,1,0,1,2,2,0,abtg_news.csv,3,30,30,0,USD,GOLDENCROSS,770301,0,1
204,-1905.23,-27.61203,0.19526,-0.90274,-5.00000,21.0934,69,15,1,1,1.0,3.0,16385,9,21,50,3,1,8,3,0.3,0.6,14,1,1,1.5,1,0,0,3,0,10,14,0,1,50,1,0,2,1,0,1,2,2,0,abtg_news.csv,3,30,30,0,USD,GOLDENCROSS,770301,0,1
16,0.00,0.00000,0.00000,0.00000,0.00000,0.0000,0,15,0,0,1.5,1.5,16385,9,21,50,3,1,8,3,0.3,0.6,14,1,1,1.5,1,0,0,3,0,10,14,0,1,50,1,0,2,1,0,1,2,2,0,abtg_news.csv,3,30,30,0,USD,GOLDENCROSS,770301,0,1
244,-1043.41,-30.68853,0.15998,-0.88253,-5.00000,11.8165,34,15,1,0,2.5,3.0,16385,9,21,50,3,1,8,3,0.3,0.6,14,1,1,1.5,1,0,0,3,0,10,14,0,1,50,1,0,2,1,0,1,2,2,0,abtg_news.csv,3,30,30,0,USD,GOLDENCROSS,770301,0,1
192,0.00,0.00000,0.00000,0.00000,0.00000,0.0000,0,15,0,0,1.0,3.0,16385,9,21,50,3,1,8,3,0.3,0.6,14,1,1,1.5,1,0,0,3,0,10,14,0,1,50,1,0,2,1,0,1,2,2,0,abtg_news.csv,3,30,30,0,USD,GOLDENCROSS,770301,0,1
216,-964.18,-29.21758,0.24354,-0.89249,-5.00000,10.7735,33,15,0,1,1.5,3.0,16385,9,21,50,3,1,8,3,0.3,0.6,14,1,1,1.5,1,0,0,3,0,10,14,0,1,50,1,0,2,1,0,1,2,2,0,abtg_news.csv,3,30,30,0,USD,GOLDENCROSS,770301,0,1
200,-964.73,-29.23424,0.24311,-0.89300,-5.00000,10.7741,33,15,0,1,1.0,3.0,16385,9,21,50,3,1,8,3,0.3,0.6,14,1,1,1.5,1,0,0,3,0,10,14,0,1,50,1,0,2,1,0,1,2,2,0,abtg_news.csv,3,30,30,0,USD,GOLDENCROSS,770301,0,1
132,-1031.68,-28.65778,0.16604,-0.87260,-5.00000,11.8165,36,15,1,0,1.0,2.5,16385,9,21,50,3,1,8,3,0.3,0.6,14,1,1,1.5,1,0,0,3,0,10,14,0,1,50,1,0,2,1,0,1,2,2,0,abtg_news.csv,3,30,30,0,USD,GOLDENCROSS,770301,0,1
67,0.00,0.00000,0.00000,0.00000,0.00000,0.0000,0,30,0,0,1.0,2.0,16385,9,21,50,3,1,8,3,0.3,0.6,14,1,1,1.5,1,0,0,3,0,10,14,0,1,50,1,0,2,1,0,1,2,2,0,abtg_news.csv,3,30,30,0,USD,GOLDENCROSS,770301,0,1
68,-987.44,-27.42889,0.20180,-0.83519,-5.00000,11.8165,36,15,1,0,1.0,2.0,16385,9,21,50,3,1,8,3,0.3,0.6,14,1,1,1.5,1,0,0,3,0,10,14,0,1,50,1,0,2,1,0,1,2,2,0,abtg_news.csv,3,30,30,0,USD,GOLDENCROSS,770301,0,1
115,0.00,0.00000,0.00000,0.00000,0.00000,0.0000,0,30,0,0,2.5,2.0,16385,9,21,50,3,1,8,3,0.3,0.6,14,1,1,1.5,1,0,0,3,0,10,14,0,1,50,1,0,2,1,0,1,2,2,0,abtg_news.csv,3,30,30,0,USD,GOLDENCROSS,770301,0,1
